exception_id,payment_id,issues,ai_status,ai_risk_level,likely_cause,ai_reasoning,ai_recommended_action,requires_human_review
EXC00004,PAY00024_DUP,MISSING_SETTLEMENT;DUPLICATE_PAYMENT,COMPLETED,HIGH,"A duplicate payment attempt was initiated for Invoice INV00024, but this specific transaction (TXN00024_DUP) either failed to settle or its settlement details were not recorded by the system.","The evidence shows that Payment ID PAY00024_DUP and Transaction ID TXN00024_DUP are explicitly flagged as duplicates. The 'Settlement Amount', 'Settlement Date', and 'Settlement Difference' are all 'nan', directly confirming the 'MISSING_SETTLEMENT' issue for this specific transaction. The 'Payment Amount' of ₹13,013.17 exactly matches the 'Invoice Amount' of ₹13,013.17, with an 'Invoice Difference' of ₹0.00, indicating an attempt to pay the full invoice value. The combination of 'DUPLICATE_PAYMENT' with 'MISSING_SETTLEMENT' implies that while a duplicate payment was registered or attempted, its final financial disposition (settlement) is unknown or incomplete, leading to a reconciliation discrepancy and potential financial exposure or customer impact.","1. Investigate the status of TXN00024_DUP directly with the WALLET payment provider to determine if funds were actually debited from Customer CUST0273 for this specific transaction. 2. Identify the original payment for INV00024 to confirm its settlement status and ensure it was processed successfully and uniquely. 3. Reconcile internal payment processing logs and settlement reports for 2026-08-19 against all transactions related to CUST0273 and INV00024 to identify the sequence of events and the true state of funds. 4. Determine if the duplicate is a system error, a customer re-attempt due to a prior perceived failure, or an actual double charge attempt by the customer or system.",True
EXC00010,PAY00059,DUPLICATE_PAYMENT,COMPLETED,MEDIUM,"An additional payment, identical in amount to PAY00059, was processed for Invoice INV00059 or for Customer CUST0180, leading the system to flag PAY00059 as a duplicate. The provided financial data for PAY00059 itself shows a perfect match with the invoice.","The system has detected an exception 'DUPLICATE_PAYMENT' for Payment ID PAY00059. The financial evidence for this specific payment shows the Payment Amount (₹51,185.86), Settlement Amount (₹51,185.86), and Invoice Amount (₹51,185.86) are all identical, resulting in zero settlement and invoice differences. This indicates that PAY00059, on its own, matches the invoice it is associated with. The existence of fees and tax does not alter the fundamental match between the payment and invoice amounts. Given the 'DUPLICATE_PAYMENT' flag, the most plausible cause is the existence of another payment for the same invoice or from the same customer for the same amount. The current evidence does not provide details of the alleged duplicate payment, only flagging PAY00059 as *being* the duplicate.","1. Investigate and identify all payments associated with Invoice ID INV00059.
2. Search for any other payments of ₹51,185.86 received from Customer ID CUST0180, particularly around the Payment Date 2026-08-11.
3. Review Customer CUST0180's account history to verify payment application and outstanding balances.
4. Examine payment gateway logs and bank statements for transaction TXN00059 and adjacent transactions for potential double initiation or processing.
5. Confirm the status of Invoice INV00059 in the accounting system (e.g., 'paid', 'overpaid', 'open').",True
EXC00011,PAY00059_DUP,MISSING_SETTLEMENT;DUPLICATE_PAYMENT,COMPLETED,HIGH,"A payment flagged by the system as a potential duplicate was initiated, but its final settlement status is unrecorded or pending, leading to a reconciliation gap.","The financial evidence confirms that Payment ID PAY00059_DUP (Transaction ID TXN00059_DUP) for ₹51,185.86 matches Invoice ID INV00059. However, all settlement-related data (Settlement Amount, Settlement Date, Settlement Delay, Settlement Difference, Fees, Tax) are 'nan', which directly supports the 'MISSING_SETTLEMENT' exception. The system has also flagged this as a 'DUPLICATE_PAYMENT' with 'HIGH' controller priority. The absence of settlement information means the final disposition of these funds is unknown, posing a significant financial reconciliation risk. If it is truly a duplicate, and settles successfully, it would lead to an overpayment. If it fails to settle, the funds might be returned to the customer or remain in an intermediary state, requiring proper accounting. The combined issues of a potential duplicate payment and missing settlement data create uncertainty regarding the correct financial position.","1. Immediately verify the definitive settlement status of Transaction ID TXN00059_DUP with the payment gateway and the corresponding bank to confirm if funds were successfully received, failed, or are pending. 2. Investigate all payment records for Invoice ID INV00059 and Customer ID CUST0180 to determine if another payment exists or was attempted, which would confirm if PAY00059_DUP is indeed a duplicate. 3. Review system logs related to payment processing and settlement capture around the Payment Date 2026-08-11 for any errors or anomalies pertaining to this transaction.",True
EXC00019,PAY00123,MISSING_SETTLEMENT,COMPLETED,HIGH,The settlement process for Payment ID PAY00123 has not been completed or the settlement information has not been received and recorded in the system.,"The evidence clearly indicates a 'MISSING_SETTLEMENT' exception. All critical settlement-related financial data points, including 'Settlement Amount', 'Settlement Date', 'Settlement Delay', 'Settlement Difference', 'Fees', and 'Tax', are marked as 'nan'. This directly corroborates the detected issue. Although the 'Payment Amount' (₹52,136.90) perfectly matches the 'Invoice Amount', indicating the customer made the correct payment, there is no corresponding record to confirm the receipt of these funds into the company's accounts. The payment method is 'WALLET', which may have specific settlement cycles. The complete absence of settlement data implies a significant gap in the financial reconciliation process for this transaction.","1. Immediately contact the WALLET payment provider to inquire about the real-time settlement status of Transaction ID TXN00123 / Payment ID PAY00123. Obtain official settlement confirmation or status updates. 
2. Review internal bank statements and cash receipt journals around the Payment Date (2026-07-31) to identify any unlinked deposits matching ₹52,136.90. 
3. Investigate data integration logs between the payment gateway/wallet system and the company's accounting system for any errors or delays in processing settlement data for this period. 
4. Confirm if this is an isolated incident or if other WALLET payments from the same date or period are also experiencing 'MISSING_SETTLEMENT' issues.",True
EXC00027,PAY00155,MISSING_SETTLEMENT,COMPLETED,HIGH,"Settlement process failure or significant delay, resulting in unrecorded funds.","The financial evidence clearly indicates a MISSING_SETTLEMENT (Controller Priority: HIGH) for Payment ID PAY00155. 

Facts:
- The Payment Amount (₹73,369.80) matches the Invoice Amount (₹73,369.80), resulting in an Invoice Difference of ₹0.00. This suggests the customer successfully made the payment against the correct invoice on 2026-07-24 via UPI.
- All settlement-related financial fields, including 'Settlement Amount', 'Fees', 'Tax', 'Settlement Difference', 'Settlement Date', and 'Settlement Delay', are recorded as 'nan'. This directly confirms the detected 'MISSING_SETTLEMENT' exception.

Plausible Cause:
The most plausible cause is that while the customer's payment was initiated and matched to the invoice, the subsequent process of settling these funds into the company's bank account has either failed or is experiencing a significant, unrecorded delay. Given the 'nan' values for all settlement data, the funds are not yet accounted for internally. This could stem from a technical issue with the UPI payment gateway, a bank processing error, or an internal system integration failure preventing the settlement record from being created.","1. Immediately verify the payment status and settlement details with the UPI payment gateway/processor for Transaction ID TXN00155.
2. Cross-reference internal bank statements for 2026-07-24 and subsequent days to ascertain if the settlement has been received but not recorded.
3. Review system logs for any errors related to payment processing or settlement reconciliation for Payment ID PAY00155.
4. If the settlement is not found, initiate a formal trace with the payment processor and relevant banking partners.",True
EXC00032,PAY00168_DUP,MISSING_SETTLEMENT;DUPLICATE_PAYMENT,COMPLETED,HIGH,"A duplicate payment attempt (PAY00168_DUP, TXN00168_DUP) for Invoice INV00168 was initiated but failed to complete settlement, or its settlement data was not recorded. This suggests a prior, potentially successful, payment attempt for the same invoice.","The financial evidence shows a payment of ₹27,950.20, explicitly identified as a duplicate (PAY00168_DUP, TXN00168_DUP), perfectly matching the Invoice Amount (INV00168) of ₹27,950.20, resulting in an Invoice Difference of ₹0.00. However, for this specific transaction, there is no associated Settlement Amount, Settlement Date, Fees, or Tax recorded, directly confirming the 'MISSING_SETTLEMENT' exception. The combination of a duplicate payment flag and a missing settlement for that flagged duplicate indicates either a failed second payment attempt by the customer or a system error in processing or recording its final settlement status, while an original payment for the invoice may exist and could be settled.","1. Investigate the status of Transaction ID TXN00168_DUP with the UPI payment service provider to determine if funds were actually debited from the customer's account and if settlement is pending, failed, or reversed. 2. Identify and verify the settlement status of the *original* payment, likely Transaction ID TXN00168 (assuming PAY00168_DUP implies an original PAY00168), for Invoice INV00168 to confirm if the invoice has already been successfully paid. 3. Review internal system logs for TXN00168_DUP for any errors in payment processing, duplicate detection, or settlement reconciliation. 4. Prepare to contact Customer CUST0032 to clarify their payment attempts and verify their bank statement status, only after internal investigation has yielded initial findings.",True
EXC00039,PAY00221,DUPLICATE_PAYMENT,COMPLETED,HIGH,"The system has detected that Payment ID PAY00221 is a duplicate. This suggests that Invoice ID INV00221 has either already been paid by another transaction, or that this specific payment was initiated or processed more than once, leading to an overpayment for the invoice.","The 'Detected Issue' is explicitly 'DUPLICATE_PAYMENT' with a 'HIGH' controller priority. The financial data shows that Payment Amount (₹95,141.35), Settlement Amount (95141.35), and Invoice Amount (₹95,141.35) are all identical, resulting in a ₹0.00 Invoice Difference. This confirms that Payment ID PAY00221 perfectly covers Invoice ID INV00221. For this payment to be classified as a duplicate, it implies the existence of at least one other payment for the same Invoice ID INV00221, which is not provided in the current evidence. The evidence provided only details the current payment (PAY00221) that is flagged as a duplicate, not the original payment or the other instance of duplication.","1. Investigate all payment records associated with Invoice ID INV00221 to identify any prior or concurrent payments. 2. Review transaction history for Customer ID CUST0159 around the payment date 2026-07-12 to confirm if multiple payments of ₹95,141.35 were initiated. 3. Examine payment gateway and bank statements to determine if a single payment was processed twice or if the customer initiated two separate payments. 4. Determine the status of INV00221 (e.g., already marked as paid, partially paid, or outstanding) to understand the context of the duplicate flag.",True
EXC00040,PAY00221_DUP,MISSING_SETTLEMENT;DUPLICATE_PAYMENT,COMPLETED,HIGH,"A payment transaction, identified as a duplicate (PAY00221_DUP, TXN00221_DUP), lacks any settlement information. This suggests either a duplicate payment attempt by the customer that failed to settle or was not recorded, or an internal system error created a duplicate payment record without actual fund movement or settlement confirmation.","The financial evidence clearly indicates two primary issues: 'MISSING_SETTLEMENT' and 'DUPLICATE_PAYMENT'. The Payment ID (PAY00221_DUP) and Transaction ID (TXN00221_DUP) are explicitly flagged as duplicates. Critically, the 'Settlement Amount', 'Settlement Date', and 'Settlement Difference' are all 'nan', confirming that no record of funds being received or reconciled exists for this specific transaction. While the 'Payment Amount' matches the 'Invoice Amount' (Invoice Difference: ₹0.00), this only confirms the payment's intended value, not its successful receipt. The missing settlement for a flagged duplicate payment represents a high-priority exception requiring immediate investigation to ascertain the actual status of funds and prevent potential overbilling or unrecorded revenue.","1. Trace Transaction ID TXN00221_DUP directly with the NETBANKING payment gateway to ascertain its definitive status (e.g., successful, failed, reversed, pending). 2. Investigate the original payment, if any, for Invoice INV00221 to determine what this 'duplicate' payment refers to. 3. Review the customer's (CUST0159) account for any other payments made for Invoice INV00221, especially around the Payment Date of 2026-07-12. 4. Verify customer bank statements to confirm if funds for TXN00221_DUP were debited, and if so, whether they were subsequently credited back or settled elsewhere. 5. Cross-reference internal bank statements for incoming settlements on 2026-07-12 or subsequent dates that match the Payment Amount of ₹95,141.35, noting the payment method.",True
EXC00044,PAY00232_DUP,MISSING_SETTLEMENT;DUPLICATE_PAYMENT,COMPLETED,HIGH,"The customer initiated a second payment for Invoice INV00232, which has not yet been settled or reconciled, potentially leading to an overpayment or a stuck transaction.","The evidence shows Payment ID PAY00232_DUP (Transaction ID TXN00232_DUP) was recorded for ₹22,841.61, exactly matching Invoice ID INV00232's amount. The system explicitly detected 'MISSING_SETTLEMENT' and 'DUPLICATE_PAYMENT'. No Settlement Amount or Settlement Date is recorded for this payment, indicating the funds for PAY00232_DUP have not been confirmed as received or reconciled. The '_DUP' suffix in the Payment and Transaction IDs, combined with the 'DUPLICATE_PAYMENT' flag, strongly suggests this is a redundant payment attempt for an invoice that may have already been paid. The absence of settlement data means the current status of these funds is unknown.","1. Investigate the status of Payment ID PAY00232_DUP with the payment gateway and the company's bank to determine if the funds were successfully debited from the customer and credited to the company's account, or if the transaction failed. 2. Identify and review the original payment associated with Invoice ID INV00232 to confirm its settlement status and application. 3. Contact the customer (CUST0042) to inform them of the duplicate payment alert and clarify their intent.",True
EXC00054,PAY00309,MISSING_SETTLEMENT,COMPLETED,HIGH,Payment settlement has not occurred or its confirmation record is missing/unprocessed.,"The evidence clearly indicates a 'MISSING_SETTLEMENT' exception with a 'HIGH' controller priority. The 'Settlement Amount', 'Settlement Date', 'Settlement Delay', 'Fees', and 'Tax' are all recorded as 'nan' (not available). This directly supports the detected issue that no settlement information exists for Payment ID PAY00309. While a payment of ₹57,626.27 was initiated via UPI on 2026-08-11, and this amount perfectly matches the Invoice Amount (Invoice Difference: ₹0.00), there is no confirmation that these funds have successfully reached the intended recipient's account.","1. Verify the real-time status of Transaction ID TXN00309 with the UPI payment gateway or bank to confirm if the payment was successfully debited from the customer's account and credited to the merchant's account. 2. Review internal payment processing logs and reconciliation reports for any specific error codes or statuses related to PAY00309 or TXN00309. 3. If no settlement is confirmed, contact customer CUST0046 to inquire about the debit status from their bank account and request their transaction reference number, if available. 4. Investigate potential technical issues within the payment processing or reconciliation system that might prevent settlement data from being recorded or received.",True
EXC00058,PAY00334_DUP,MISSING_SETTLEMENT;DUPLICATE_PAYMENT,COMPLETED,MEDIUM,"The system has flagged this transaction (PAY00334_DUP, TXN00334_DUP) as a potential duplicate payment for Invoice INV00334, and its corresponding settlement has not yet been recorded.","Evidence shows that Payment ID PAY00334_DUP for ₹15,934.58 was processed for Invoice INV00334, with the payment amount exactly matching the invoice amount (Invoice Difference: ₹0.00). The system detected 'DUPLICATE_PAYMENT', and the Payment ID (PAY00334_DUP) and Transaction ID (TXN00334_DUP) include '_DUP', strongly suggesting this is identified by the system as a follow-up or re-attempt. Concurrently, 'Settlement Amount', 'Settlement Date', 'Settlement Delay', 'Fees', 'Tax', and 'Settlement Difference' are all 'nan', confirming the 'MISSING_SETTLEMENT' detection. This indicates that despite a payment record existing, the funds for this specific transaction have not been confirmed as received and reconciled with bank or payment processor statements.","1. Investigate the existence and status of any prior payment (e.g., PAY00334 or similar) associated with Invoice INV00334 and Customer CUST0236 to determine if an original payment attempt was successful or failed. 2. Review payment gateway logs and the customer's payment method statement (e.g., card statement) for CUST0236 to confirm if one or two debits of ₹15,934.58 have been initiated or completed. 3. Examine payment processor reconciliation reports to understand why settlement is missing specifically for PAY00334_DUP and confirm its true financial status (e.g., authorized, captured, pending, failed at source).",True
EXC00063,PAY00369,MISSING_SETTLEMENT,COMPLETED,HIGH,The settlement funds from the WALLET payment provider have not yet been received or reconciled by the financial system.,"The evidence shows a Payment Amount of ₹82,158.73 was made on 2026-08-18 via WALLET, which perfectly matches the Invoice Amount. However, the 'Settlement Amount', 'Settlement Date', and 'Settlement Difference' are all 'nan', directly confirming the 'MISSING_SETTLEMENT' exception. The Invoice Difference of ₹0.00 indicates the customer fulfilled their payment obligation for the invoice. The absence of settlement data suggests a delay, failure in the transfer process from the payment processor, or a reconciliation issue within the company's systems. The missing fees and tax data are likely a consequence of the overall missing settlement information.","1. Immediately contact the WALLET payment provider to inquire about the settlement status for Transaction ID TXN00369 and obtain settlement details, including any applicable fees or taxes. 2. Verify the company's bank statements or internal settlement reports for any incoming funds matching ₹82,158.73 around the Payment Date of 2026-08-18 that may not have been automatically reconciled. 3. Investigate internal system logs and payment gateway integration health for any errors or delays related to settlement processing for this specific transaction or other WALLET payments around the same date.",True
EXC00065,PAY00383_DUP,MISSING_SETTLEMENT;DUPLICATE_PAYMENT,COMPLETED,MEDIUM,"A duplicate payment (PAY00383_DUP) for Invoice INV00383 was initiated, but its corresponding settlement record is missing or pending.","The financial evidence indicates Payment ID PAY00383_DUP and Transaction ID TXN00383_DUP are flagged as a 'DUPLICATE_PAYMENT' for Invoice ID INV00383. The Payment Amount (₹8,153.68) precisely matches the Invoice Amount (₹8,153.68), resulting in an Invoice Difference of ₹0.00. However, all settlement-related fields (Settlement Amount, Fees, Tax, Settlement Difference, Settlement Date, and Settlement Delay) are 'nan', which confirms the 'MISSING_SETTLEMENT' detection for this specific payment. This suggests that while a payment intended to cover the invoice was made, its actual receipt of funds by the company's bank has not been recorded or completed. It is currently unclear from the provided evidence whether the *original* payment for INV00383 settled successfully, or if this duplicate payment was an attempt to resolve an issue with a prior transaction.","1. Investigate the real-time settlement status of Payment ID PAY00383_DUP with the payment gateway and the company's bank to confirm fund receipt or transaction failure. 2. Identify and review the details and settlement status of the *original* payment for Invoice ID INV00383 (implied by the 'DUPLICATE_PAYMENT' flag) to ascertain if the invoice was already settled. 3. Review payment system logs for any errors, retries, or processing anomalies associated with both the original payment (if found) and PAY00383_DUP. 4. Determine the root cause of the duplicate initiation, which could include customer error, system re-processing, or a previous payment failure.",True
EXC00079,PAY00474_DUP,MISSING_SETTLEMENT;DUPLICATE_PAYMENT,COMPLETED,MEDIUM,"The evidence suggests a duplicate payment attempt for Invoice ID INV00474, which itself has not yet settled.","The system detected two issues: MISSING_SETTLEMENT and DUPLICATE_PAYMENT. The payment ID (PAY00474_DUP) and transaction ID (TXN00474_DUP) strongly indicate this record is a duplicate payment attempt. The payment amount of ₹27,559.61 precisely matches the Invoice Amount of ₹27,559.61, resulting in an Invoice Difference of ₹0.00, which implies this payment fully covers the invoice. However, all settlement data (Settlement Amount, Settlement Date, Settlement Delay, Settlement Difference) is 'nan', confirming that the funds for this specific payment (PAY00474_DUP) have not been settled or reconciled by the payment processor or bank.","1. Investigate the real-time status of Payment ID PAY00474_DUP with the UPI payment provider to confirm fund debit from the customer and the current settlement progress. 2. Identify if an original or previous payment attempt exists for Invoice ID INV00474 and determine its status (e.g., settled, failed, reversed). 3. Review internal logs for any processing errors that may have generated a duplicate payment instruction. 4. Prepare for potential customer communication regarding the duplicate payment and missing settlement.",True
EXC00083,PAY00494_DUP,MISSING_SETTLEMENT;DUPLICATE_PAYMENT,COMPLETED,MEDIUM,The system detected a duplicate payment (PAY00494_DUP) for Invoice INV00494 where settlement details are currently missing.,"The evidence shows that Payment ID PAY00494_DUP, with an amount of ₹3,306.55, exactly matches the Invoice Amount for INV00494, resulting in an Invoice Difference of ₹0.00. The detected issues explicitly state 'MISSING_SETTLEMENT' and 'DUPLICATE_PAYMENT'. All settlement-related fields (Settlement Amount, Settlement Date, Settlement Delay, Settlement Difference) are recorded as 'nan', confirming the missing settlement data for this specific payment. The Payment ID (PAY00494_DUP) and Transaction ID (TXN00494_DUP) nomenclature also supports the 'DUPLICATE_PAYMENT' detection. It is currently unknown if the funds for this particular payment instance have been received by the company due to the absence of settlement information.","1. Investigate the full payment history for Invoice ID INV00494 to identify any primary or prior payments and their current status (settled, pending, etc.).
2. Verify the settlement status of Payment ID PAY00494_DUP directly with the bank or payment gateway to confirm if funds were actually received or if the transaction failed.
3. Review bank statements corresponding to the Payment Date (2026-08-07) to ascertain if a settlement for PAY00494_DUP has occurred.
4. If a prior payment for INV00494 is found and settled, and PAY00494_DUP also settled, assess the customer's account for potential overpayment or credit balance.",True
EXC00087,PAY00527,MISSING_SETTLEMENT,COMPLETED,HIGH,"The settlement process for Payment ID PAY00527 has not occurred, failed, or the settlement data has not been recorded/linked within the system.","The evidence clearly indicates a 'MISSING_SETTLEMENT' exception. All settlement-related fields, including `Settlement Amount`, `Settlement Date`, `Settlement Delay`, `Fees`, `Tax`, and `Settlement Difference`, are reported as 'nan' (not a number/missing). This absence of any settlement data, despite a matching `Payment Amount` and `Invoice Amount` (Invoice Difference: ₹0.00) and a recorded `Payment Date` (2026-07-21), strongly suggests that the settlement event itself is either pending, failed, or its details have not been captured.","1. Verify the status of Payment ID PAY00527 with the WALLET payment provider for CUST0283. 2. Check internal settlement system logs, reconciliation reports, and payment gateway notifications for any records related to Transaction ID TXN00527 or Payment ID PAY00527, especially for the date 2026-07-21. 3. Confirm if the funds for this payment have been received in the company's designated bank account or settlement account. 4. Investigate potential technical errors that might prevent settlement data from being recorded.",True
EXC00088,PAY00529,MISSING_SETTLEMENT,COMPLETED,HIGH,Settlement record for Payment ID PAY00529 is missing or has not yet been processed by the payment gateway/bank.,"The system detected a MISSING_SETTLEMENT exception with a HIGH controller priority. Financial evidence shows the Payment Amount (₹96,500.75) exactly matches the Invoice Amount (₹96,500.75), indicating the payment initiation amount was correct. However, all settlement-related fields including Settlement Amount, Settlement Date, Settlement Delay, Settlement Difference, Fees, and Tax are reported as 'nan'. This directly indicates the absence of a corresponding settlement record for the payment initiated on 2026-08-18 via UPI.","1. Verify the actual status of Transaction ID TXN00529 and Payment ID PAY00529 with the UPI payment gateway or bank to confirm if the funds were received.
2. Cross-reference internal payment initiation logs with external bank/payment processor statements or settlement reports for 2026-08-18 and subsequent days.
3. Investigate for potential technical issues in settlement data ingestion or processing within internal systems.",True
EXC00101,PAY00604,MISSING_SETTLEMENT,COMPLETED,HIGH,"The settlement process for Payment ID PAY00604 has not been completed, or the settlement data has not been successfully captured by the system.","The detected issue is 'MISSING_SETTLEMENT' with a 'HIGH' controller priority. The financial evidence directly supports this, showing `Settlement Amount`, `Settlement Date`, `Settlement Delay`, `Fees`, and `Tax` as 'nan' (not available). The `Payment Amount` of ₹75,836.36 matches the `Invoice Amount` precisely, indicating the customer likely initiated a successful payment via UPI on 2026-07-07. The complete absence of settlement-related financial and timing data signifies that the funds have either not yet settled into the company's accounts, or the settlement event was not recorded or reconciled against this payment.","1. Immediately investigate the status of Transaction ID TXN00604 with the UPI payment gateway/processor to determine if the settlement is pending, failed, or completed but not reported. 2. Review internal reconciliation logs and payment processing system data for any errors or delays in capturing settlement information for UPI payments made around 2026-07-07. 3. Cross-reference bank statements to ascertain if the funds of ₹75,836.36 related to this transaction have been received, and if so, why they haven't been linked to Payment ID PAY00604.",True
EXC00106,PAY00632,MISSING_SETTLEMENT,COMPLETED,HIGH,Absence of settlement record for the initiated UPI payment.,"The detected exception is 'MISSING_SETTLEMENT', which is directly evidenced by 'nan' values for Settlement Amount, Settlement Date, Settlement Delay, Fees, and Tax. The Payment Amount (₹72,535.57) exactly matches the Invoice Amount (₹72,535.57), resulting in an Invoice Difference of ₹0.00. This indicates the customer intended to pay the correct amount. The payment was made via UPI on 2026-08-04. The controller priority for this exception is HIGH, necessitating prompt investigation.","1. Verify the actual payment status with the UPI payment gateway/processor using Payment ID PAY00632. 2. Cross-reference bank statements for 2026-08-04 and subsequent days to confirm if the payment amount of ₹72,535.57 was successfully received into the company's bank account. 3. Review internal reconciliation logs and settlement processing feeds for any delays, errors, or missing entries related to this transaction. 4. If internal and payment processor checks yield no settlement record, prepare to contact customer CUST0132 to request proof of payment.",True
EXC00108,PAY00638,MISSING_SETTLEMENT,COMPLETED,HIGH,"The settlement process for Payment ID PAY00638 has not been completed or recorded in the system, resulting in unconfirmed receipt of funds.","The core issue detected is 'MISSING_SETTLEMENT'. All financial data related to settlement, including Settlement Amount, Settlement Date, Settlement Delay, Fees, Tax, and Settlement Difference, are reported as 'nan', unequivocally indicating that settlement information is absent. While the Payment Amount of ₹57,708.75 matches the Invoice Amount precisely, with an Invoice Difference of ₹0.00, confirming the customer initiated the correct payment, the absence of settlement data means the funds have not been confirmed as received by the company's bank, or the internal records have not been updated accordingly. This directly impacts cash flow reconciliation and financial accuracy.","1. Contact the payment gateway/processor (given Payment Method is CARD) to ascertain the current status of Transaction ID TXN00638 and Payment ID PAY00638. 2. Review bank statements for any incoming transactions matching the Payment Amount of ₹57,708.75 around or after the Payment Date of 2026-07-05. 3. Check internal payment system logs for any processing errors or delays related to this transaction or CARD settlements in general.",True
EXC00112,PAY00657,MISSING_SETTLEMENT,COMPLETED,HIGH,Settlement processing failure or delay by the payment gateway/processor.,"The evidence clearly indicates a 'MISSING_SETTLEMENT' exception. The Payment Amount (₹58,100.63) matches the Invoice Amount (₹58,100.63), resulting in an Invoice Difference of ₹0.00, suggesting the customer successfully initiated payment for the correct amount. However, the 'Settlement Amount', 'Settlement Date', 'Settlement Difference', 'Fees', and 'Tax' are all 'nan', confirming that the financial settlement of the card payment has not been recorded or completed in the system. This indicates funds from the customer's payment have not been definitively received and reconciled by the organization's accounts, or are significantly delayed in transit.","1. Investigate the status of Transaction ID TXN00657 and Payment ID PAY00657 with the respective CARD payment gateway/processor.
2. Request settlement reports or transaction logs from the payment processor for the Payment Date (2026-08-07) and subsequent business days.
3. Cross-reference the expected settlement with bank statements for deposits around the Payment Date.
4. Verify internal payment reconciliation processes and look for any unallocated cash or exception reports.
5. Escalate to the payment operations team and the payment processor's support if settlement cannot be located promptly.",True
EXC00122,PAY00779,DUPLICATE_PAYMENT,COMPLETED,HIGH,"A second, identical payment transaction (not detailed in the provided financial evidence) has been processed and linked to Invoice ID INV00779, causing the system to flag it as a duplicate.","The detected issue is 'DUPLICATE_PAYMENT'. The provided financial data for Payment ID PAY00779 shows that the Payment Amount (₹99,844.14) perfectly matches the Invoice Amount (₹99,844.14), with zero settlement or invoice differences. This indicates that PAY00779 correctly fulfills INV00779. Therefore, the 'DUPLICATE_PAYMENT' exception implies that there is an additional payment, identical in amount and intended for the same invoice (INV00779), which triggered this flag. The current evidence does not provide details of this other payment.","1. Identify all payment records associated with Invoice ID INV00779. 2. Investigate all payment records for Customer ID CUST0081 around the Payment Date (2026-08-04) for identical amounts. 3. Reconcile payment gateway records and internal ledger entries for TXN00779 and INV00779 to confirm if multiple distinct payments were received. 4. Determine the source of the duplicate: customer error (e.g., submitting payment twice), system processing error, or bank error. 5. Assess the current balance of INV00779 and CUST0081's account to confirm overpayment.",True
EXC00123,PAY00779_DUP,MISSING_SETTLEMENT;DUPLICATE_PAYMENT,COMPLETED,MEDIUM,"A duplicate payment (PAY00779_DUP) for Invoice INV00779 has been detected by the system, but the actual settlement of these funds is missing, indicating the payment has not been reconciled or potentially failed to complete after initiation.","The evidence shows that a payment (PAY00779_DUP) of ₹99,844.14 was processed on 2026-08-04 for Invoice INV00779, with the payment amount exactly matching the invoice amount. The payment and transaction IDs include a '_DUP' suffix, and the system explicitly detected a 'DUPLICATE_PAYMENT' and 'MISSING_SETTLEMENT'. However, all settlement-related financial data (Settlement Amount, Settlement Date, Settlement Difference) is recorded as 'nan', confirming that the settlement status for this specific 'DUP' payment is unknown or unconfirmed. This indicates a potential duplicate attempt that has not been reconciled with actual funds received, raising concerns about either a customer overpayment or unreconciled funds.","1. Verify the exact settlement status of transaction TXN00779_DUP (Payment ID PAY00779_DUP) directly with the WALLET payment provider to confirm if funds were actually debited from the customer and received by the organization. 2. Identify and review all other payments associated with Invoice INV00779 to determine if a primary, settled payment already exists for this invoice. 3. Review Customer CUST0081's payment history to confirm if they have been debited multiple times for Invoice INV00779. 4. Investigate the technical root cause that led to the initiation of a duplicate payment and the subsequent missing settlement.",True
EXC00124,PAY00784,MISSING_SETTLEMENT,COMPLETED,HIGH,The settlement record for Payment ID PAY00784 has not been received or processed by the system.,"The evidence clearly indicates a 'MISSING_SETTLEMENT' for Payment ID PAY00784, which has a 'HIGH' controller priority. The Payment Amount (₹77,266.55) perfectly matches the Invoice Amount (₹77,266.55), resulting in an Invoice Difference of ₹0.00, suggesting the customer's payment was correct. However, all settlement-related financial fields (Settlement Amount, Fees, Tax, Settlement Difference) and timing fields (Settlement Date, Settlement Delay) are reported as 'nan'. This strongly implies that while the payment may have been initiated and potentially received, its corresponding settlement details from the NETBANKING provider have not been reconciled or recorded within the system.","1. Investigate the status of Transaction ID TXN00784 directly with the NETBANKING payment gateway or relevant bank portal to confirm the settlement status.
2. Obtain settlement reports or bank statements covering 2026-07-02 and subsequent days to identify the incoming funds corresponding to Payment ID PAY00784.
3. Verify if the amount ₹77,266.55 was successfully credited to the company's designated bank account.
4. If settlement is located, manually reconcile the transaction; otherwise, initiate a formal trace with the payment provider to locate the funds.",True
EXC00138,PAY00850,MISSING_SETTLEMENT,COMPLETED,HIGH,Settlement details for the recorded payment have not been processed or received by the system.,"The financial evidence shows a payment of ₹99,504.92 was recorded on 2026-08-06 via NETBANKING, fully matching Invoice INV00850. However, the 'Settlement Amount' and 'Settlement Date' are marked as 'nan', indicating that the settlement for this payment has not been recorded or confirmed by the system. This directly triggers the 'MISSING_SETTLEMENT' exception. Consequently, 'Fees', 'Tax', and 'Settlement Difference' are also unrecorded. The payment date is in the future, which might impact settlement processing timelines or exception triggering.","1. Investigate the current status of Payment ID PAY00850 with the payment processor/bank to determine if settlement has occurred, is pending, or if there's a delay. 2. Review internal system logs for any errors in receiving or recording settlement data. 3. Given the future payment date (2026-08-06), also verify if the exception trigger logic is appropriate for future-dated transactions and if the settlement expectation is correctly configured.",True
EXC00146,PAY00927,MISSING_SETTLEMENT,COMPLETED,HIGH,"The settlement process for payment PAY00927 has either not yet completed, or the settlement data was not recorded or reconciled in the system.","The financial evidence clearly indicates a 'MISSING_SETTLEMENT' exception. Key settlement fields, including Settlement Amount, Settlement Date, Fees, Tax, and Settlement Difference, are all 'nan'. This signifies a complete absence of settlement information for Payment ID PAY00927. The Payment Amount (₹93,650.11) precisely matches the Invoice Amount (₹93,650.11), resulting in an Invoice Difference of ₹0.00, which confirms the initial payment and invoice alignment. The payment was made on 2026-08-12 via WALLET in INR. The critical issue is the lack of any corresponding settlement data to complete the transaction lifecycle.","1. Investigate the payment gateway/WALLET provider's system for Payment ID PAY00927 (or Transaction ID TXN00927) to confirm the actual settlement status and retrieve any associated settlement details (amount, date, fees, taxes).
2. Review internal system logs and reconciliation reports for any errors or delays related to the settlement processing of this specific transaction (TXN00927).
3. Confirm the standard expected settlement timeline for WALLET payments to determine if the absence of settlement data is due to a normal processing delay or an actual failure.",True
EXC00152,PAY00955_DUP,MISSING_SETTLEMENT;DUPLICATE_PAYMENT,COMPLETED,MEDIUM,"The system detected a duplicate payment attempt (TXN00955_DUP) for Invoice INV00955, and this specific payment attempt has not been settled by the payment processor. This suggests the duplicate payment either failed to complete the settlement process or was automatically identified and prevented from settling.","The evidence explicitly flags `MISSING_SETTLEMENT` and `DUPLICATE_PAYMENT`. The `Payment ID: PAY00955_DUP` and `Transaction ID: TXN00955_DUP` reinforce the duplicate nature. The `Settlement Amount`, `Settlement Date`, and `Settlement Difference` are all `nan`, confirming that no funds have been received for this specific transaction. The `Payment Amount` of ₹45,316.70 perfectly matches the `Invoice Amount` of ₹45,316.70, indicating that this duplicate payment was intended to cover the full invoice. The payment method is CARD, which involves distinct authorization and settlement stages, making a missing settlement plausible if the transaction was voided, declined, or failed at the settlement stage after an initial duplicate attempt.","1. Investigate the status of the *original* payment for Invoice ID INV00955 (i.e., any transaction preceding PAY00955_DUP) to determine if the invoice has been legitimately paid. 2. Review payment gateway and card processor logs for Transaction ID TXN00955_DUP to confirm its final status (e.g., authorized, declined, voided, failed to capture). 3. Confirm that no funds corresponding to TXN00955_DUP have been received in the company's bank account. 4. If an original payment for INV00955 has successfully settled, ensure TXN00955_DUP is properly reconciled and closed as a failed or voided transaction to prevent any future unexpected settlement or customer charge.",True
EXC00158,PAY00975_DUP,MISSING_SETTLEMENT;DUPLICATE_PAYMENT,COMPLETED,MEDIUM,A payment flagged as a duplicate (PAY00975_DUP) for invoice INV00975 has not been settled or its settlement record is missing.,"The system detected issues of `MISSING_SETTLEMENT` and `DUPLICATE_PAYMENT` for transaction TXN00975_DUP and payment PAY00975_DUP. The financial evidence explicitly shows `Settlement Amount: nan` and `Settlement Date: nan`, which confirms the `MISSING_SETTLEMENT` for this specific payment. The `Payment Amount` of ₹1,736.09 perfectly matches the `Invoice Amount` of ₹1,736.09, resulting in an `Invoice Difference` of ₹0.00. This indicates the payment amount correctly covers the invoice, but its status is problematic due to being flagged as a duplicate and lacking settlement. Possible causes include a legitimate duplicate payment attempt that subsequently failed to settle or was rejected, or a system error in recording the settlement for this transaction.","1. Investigate the payment history for `INV00975` to determine if a prior payment was successfully settled and applied, leading to the `DUPLICATE_PAYMENT` flag for `PAY00975_DUP`. 
2. Contact the WALLET payment provider to verify the actual status of `TXN00975_DUP` (e.g., successful, failed, refunded, pending settlement) and confirm if funds were debited from `CUST0286`. 
3. Review internal system logs related to `TXN00975_DUP` to understand the specific reason for it being flagged as a `DUPLICATE_PAYMENT` and any errors during its settlement processing.",True
EXC00162,PAY01000,MISSING_SETTLEMENT,COMPLETED,HIGH,The settlement information for this WALLET payment was either not received from the payment provider or failed to be recorded by internal systems.,"The financial evidence shows that a payment (PAY01000) of ₹76,967.56 was recorded on 2026-08-01 via the WALLET payment method for Invoice INV01000. The 'Invoice Difference' is ₹0.00, indicating the payment amount perfectly matches the invoice. However, the 'Settlement Amount', 'Settlement Date', 'Fees', 'Tax', and 'Settlement Difference' are all 'nan'. This conclusively confirms the 'MISSING_SETTLEMENT' exception, indicating that while a payment was acknowledged, the corresponding settlement of funds into the company's account, or the record thereof, is absent.","1. Immediately contact the WALLET payment provider (using Transaction ID TXN01000 and Payment ID PAY01000) to verify the actual settlement status of the ₹76,967.56. 2. Review internal system logs related to TXN01000 and PAY01000 for any errors, failed callbacks, or discrepancies in the settlement data ingestion process. 3. Cross-reference the company's bank statements for deposits from the WALLET provider around and after 2026-08-01 to confirm if the funds were received but misallocated or not recorded. 4. Investigate if there are any pending batch settlements from the WALLET provider that might include this transaction.",True
