invoice_id,customer_id,invoice_date,due_date,invoice_amount,paid_amount,status
INV00001,CUST0058,2026-06-27,2026-07-12,74284.27,74284.27,PAID
INV00002,CUST0280,2026-07-05,2026-07-20,59254.0,59254.0,PAID
INV00003,CUST0259,2026-08-03,2026-08-18,3140.33,3140.33,PAID
INV00004,CUST0215,2026-07-15,2026-07-30,45196.3,45196.3,PAID
INV00005,CUST0217,2026-07-22,2026-08-06,30162.88,28148.2,PAID
INV00006,CUST0050,2026-07-18,2026-08-02,84825.69,84825.69,PAID
INV00007,CUST0275,2026-07-06,2026-07-21,97325.02,97325.02,PAID
INV00008,CUST0186,2026-08-05,2026-08-20,19632.71,19632.71,PAID
INV00009,CUST0041,2026-07-10,2026-07-25,86715.12,86715.12,PAID
INV00010,CUST0084,2026-07-19,2026-08-03,35849.43,35849.43,PAID
INV00011,CUST0037,2026-08-05,2026-08-20,63680.34,63680.34,PAID
INV00012,CUST0286,2026-07-15,2026-07-30,68619.12,68619.12,PAID
INV00013,CUST0206,2026-07-15,2026-07-30,7085.77,7085.77,PAID
INV00014,CUST0235,2026-07-06,2026-07-21,26855.58,26855.58,PAID
INV00015,CUST0300,2026-07-27,2026-08-11,89833.38,89833.38,PAID
INV00016,CUST0253,2026-07-05,2026-07-20,75700.32,75700.32,PAID
INV00017,CUST0217,2026-08-05,2026-08-20,6821.01,6821.01,PAID
INV00018,CUST0129,2026-08-05,2026-08-20,86147.58,86147.58,PAID
INV00019,CUST0275,2026-08-15,2026-08-30,27049.11,27049.11,PAID
INV00020,CUST0233,2026-06-27,2026-07-12,99333.51,95404.68,PAID
INV00021,CUST0153,2026-08-09,2026-08-24,51012.46,51012.46,PAID
INV00022,CUST0272,2026-06-29,2026-07-14,60094.99,60094.99,PAID
INV00023,CUST0123,2026-07-01,2026-07-16,24466.72,24466.72,PAID
INV00024,CUST0273,2026-08-18,2026-09-02,13013.17,13013.17,PAID
INV00025,CUST0271,2026-08-03,2026-08-18,42602.23,42602.23,PAID
INV00026,CUST0103,2026-08-11,2026-08-26,31515.77,31515.77,PAID
INV00027,CUST0062,2026-07-12,2026-07-27,22857.39,22857.39,PAID
INV00028,CUST0113,2026-07-01,2026-07-16,7563.81,7563.81,PAID
INV00029,CUST0037,2026-08-01,2026-08-16,24181.46,24181.46,PAID
INV00030,CUST0293,2026-08-05,2026-08-20,47530.77,47530.77,PAID
INV00031,CUST0050,2026-08-07,2026-08-22,43389.59,43389.59,PAID
INV00032,CUST0051,2026-07-04,2026-07-19,40560.82,40560.82,PAID
INV00033,CUST0099,2026-07-11,2026-07-26,53860.43,53860.43,PAID
INV00034,CUST0128,2026-07-01,2026-07-16,44591.51,44591.51,PAID
INV00035,CUST0048,2026-08-15,2026-08-30,84945.23,84945.23,PAID
INV00036,CUST0206,2026-07-02,2026-07-17,16881.39,16881.39,PAID
INV00037,CUST0217,2026-08-12,2026-08-27,95753.11,95753.11,PAID
INV00038,CUST0030,2026-08-07,2026-08-22,73705.85,73705.85,PAID
INV00039,CUST0300,2026-07-27,2026-08-11,50533.61,50533.61,PAID
INV00040,CUST0096,2026-07-01,2026-07-16,59705.99,59705.99,PAID
INV00041,CUST0297,2026-08-04,2026-08-19,4454.3,4454.3,PAID
INV00042,CUST0268,2026-07-19,2026-08-03,93503.27,93503.27,PAID
INV00043,CUST0136,2026-07-26,2026-08-10,13522.39,13522.39,PAID
INV00044,CUST0235,2026-08-08,2026-08-23,99846.22,99846.22,PAID
INV00045,CUST0136,2026-07-07,2026-07-22,93359.31,93359.31,PAID
INV00046,CUST0279,2026-08-11,2026-08-26,30600.46,30600.46,PAID
INV00047,CUST0054,2026-07-08,2026-07-23,26814.36,26814.36,PAID
INV00048,CUST0145,2026-08-03,2026-08-18,21457.65,21457.65,PAID
INV00049,CUST0259,2026-07-29,2026-08-13,25486.56,25486.56,PAID
INV00050,CUST0023,2026-06-29,2026-07-14,33688.88,33688.88,PAID
INV00051,CUST0227,2026-07-31,2026-08-15,70713.91,70713.91,PAID
INV00052,CUST0280,2026-07-03,2026-07-18,83542.2,83542.2,PAID
INV00053,CUST0187,2026-08-19,2026-09-03,97233.53,97233.53,PAID
INV00054,CUST0053,2026-07-22,2026-08-06,81994.22,78121.57,PAID
INV00055,CUST0091,2026-07-24,2026-08-08,2966.24,2966.24,PAID
INV00056,CUST0128,2026-07-18,2026-08-02,16340.19,16340.19,PAID
INV00057,CUST0114,2026-07-12,2026-07-27,81750.37,81750.37,PAID
INV00058,CUST0013,2026-08-12,2026-08-27,19716.41,19716.41,PAID
INV00059,CUST0180,2026-08-11,2026-08-26,51185.86,51185.86,PAID
INV00060,CUST0092,2026-08-03,2026-08-18,96272.16,96272.16,PAID
INV00061,CUST0177,2026-08-12,2026-08-27,78749.6,78749.6,PAID
INV00062,CUST0198,2026-08-06,2026-08-21,19412.84,19412.84,PAID
INV00063,CUST0276,2026-08-13,2026-08-28,72083.28,72083.28,PAID
INV00064,CUST0170,2026-08-07,2026-08-22,31734.61,31734.61,PAID
INV00065,CUST0159,2026-08-08,2026-08-23,41135.09,41135.09,PAID
INV00066,CUST0099,2026-07-26,2026-08-10,66660.48,66660.48,PAID
INV00067,CUST0292,2026-07-19,2026-08-03,40904.48,40904.48,PAID
INV00068,CUST0297,2026-08-03,2026-08-18,65643.21,65643.21,PAID
INV00069,CUST0262,2026-07-29,2026-08-13,79476.67,79476.67,PAID
INV00070,CUST0172,2026-07-05,2026-07-20,81933.13,81933.13,PAID
INV00071,CUST0076,2026-07-02,2026-07-17,5098.26,5098.26,PAID
INV00072,CUST0213,2026-08-09,2026-08-24,57779.25,57779.25,PAID
INV00073,CUST0003,2026-08-17,2026-09-01,86113.84,86113.84,PAID
INV00074,CUST0266,2026-07-30,2026-08-14,5496.73,5496.73,PAID
INV00075,CUST0069,2026-07-26,2026-08-10,71435.4,66923.98,PAID
INV00076,CUST0259,2026-07-23,2026-08-07,83141.63,83141.63,PAID
INV00077,CUST0127,2026-08-08,2026-08-23,28092.48,28092.48,PAID
INV00078,CUST0040,2026-08-11,2026-08-26,28929.95,28929.95,PAID
INV00079,CUST0071,2026-07-10,2026-07-25,23510.52,23510.52,PAID
INV00080,CUST0209,2026-07-19,2026-08-03,54489.81,54489.81,PAID
INV00081,CUST0300,2026-08-12,2026-08-27,2443.43,2443.43,PAID
INV00082,CUST0200,2026-07-25,2026-08-09,54052.95,54052.95,PAID
INV00083,CUST0249,2026-06-29,2026-07-14,39191.29,39191.29,PAID
INV00084,CUST0274,2026-06-29,2026-07-14,90739.42,90739.42,PAID
INV00085,CUST0237,2026-07-09,2026-07-24,5503.32,5503.32,PAID
INV00086,CUST0173,2026-08-15,2026-08-30,88024.18,88024.18,PAID
INV00087,CUST0042,2026-07-29,2026-08-13,2428.64,2428.64,PAID
INV00088,CUST0021,2026-08-18,2026-09-02,3587.48,3587.48,PAID
INV00089,CUST0079,2026-07-15,2026-07-30,13058.99,13058.99,PAID
INV00090,CUST0132,2026-08-18,2026-09-02,37205.07,37205.07,PAID
INV00091,CUST0056,2026-08-04,2026-08-19,3055.0,3055.0,PAID
INV00092,CUST0102,2026-07-03,2026-07-18,59413.74,59413.74,PAID
INV00093,CUST0062,2026-08-17,2026-09-01,98392.51,98392.51,PAID
INV00094,CUST0190,2026-07-02,2026-07-17,50843.1,50843.1,PAID
INV00095,CUST0055,2026-07-25,2026-08-09,96098.36,96098.36,PAID
INV00096,CUST0268,2026-08-06,2026-08-21,27373.2,27373.2,PAID
INV00097,CUST0138,2026-07-18,2026-08-02,85245.46,85245.46,PAID
INV00098,CUST0238,2026-08-03,2026-08-18,61228.0,61228.0,PAID
INV00099,CUST0094,2026-07-28,2026-08-12,21605.93,21605.93,PAID
INV00100,CUST0142,2026-07-31,2026-08-15,1510.04,1510.04,PAID
INV00101,CUST0251,2026-08-02,2026-08-17,75937.38,75937.38,PAID
INV00102,CUST0009,2026-07-04,2026-07-19,29776.44,29776.44,PAID
INV00103,CUST0298,2026-07-19,2026-08-03,47589.42,47589.42,PAID
INV00104,CUST0170,2026-07-22,2026-08-06,70434.07,70434.07,PAID
INV00105,CUST0099,2026-07-16,2026-07-31,12395.7,12395.7,PAID
INV00106,CUST0142,2026-08-15,2026-08-30,59163.9,59163.9,PAID
INV00107,CUST0185,2026-07-12,2026-07-27,30575.63,30575.63,PAID
INV00108,CUST0150,2026-08-14,2026-08-29,94436.92,94436.92,PAID
INV00109,CUST0146,2026-07-31,2026-08-15,48132.06,48132.06,PAID
INV00110,CUST0245,2026-07-04,2026-07-19,82300.51,82300.51,PAID
INV00111,CUST0028,2026-07-09,2026-07-24,15345.16,15345.16,PAID
INV00112,CUST0286,2026-08-15,2026-08-30,41909.32,41909.32,PAID
INV00113,CUST0227,2026-07-16,2026-07-31,86086.58,86086.58,PAID
INV00114,CUST0051,2026-08-18,2026-09-02,21174.9,21174.9,PAID
INV00115,CUST0123,2026-07-09,2026-07-24,55423.23,55423.23,PAID
INV00116,CUST0241,2026-07-14,2026-07-29,3747.67,3747.67,PAID
INV00117,CUST0037,2026-08-08,2026-08-23,23725.67,23725.67,PAID
INV00118,CUST0102,2026-07-26,2026-08-10,11920.24,11920.24,PAID
INV00119,CUST0037,2026-06-30,2026-07-15,17009.32,17009.32,PAID
INV00120,CUST0225,2026-07-06,2026-07-21,47135.45,47135.45,PAID
INV00121,CUST0277,2026-07-27,2026-08-11,44057.01,44057.01,PAID
INV00122,CUST0014,2026-07-01,2026-07-16,23277.98,23277.98,PAID
INV00123,CUST0090,2026-07-30,2026-08-14,52136.9,52136.9,PAID
INV00124,CUST0224,2026-08-07,2026-08-22,81517.37,81517.37,PAID
INV00125,CUST0165,2026-08-07,2026-08-22,10907.69,10907.69,PAID
INV00126,CUST0148,2026-08-10,2026-08-25,94546.76,94546.76,PAID
INV00127,CUST0166,2026-07-08,2026-07-23,97033.38,97033.38,PAID
INV00128,CUST0237,2026-07-24,2026-08-08,5893.31,5893.31,PAID
INV00129,CUST0227,2026-08-16,2026-08-31,5635.37,5635.37,PAID
INV00130,CUST0249,2026-07-06,2026-07-21,3372.51,3372.51,PAID
INV00131,CUST0008,2026-08-05,2026-08-20,41095.07,41095.07,PAID
INV00132,CUST0079,2026-07-30,2026-08-14,93298.98,93298.98,PAID
INV00133,CUST0248,2026-07-27,2026-08-11,24751.23,24751.23,PAID
INV00134,CUST0070,2026-07-01,2026-07-16,27986.62,27986.62,PAID
INV00135,CUST0002,2026-07-16,2026-07-31,72742.07,72742.07,PAID
INV00136,CUST0171,2026-08-03,2026-08-18,76405.83,76405.83,PAID
INV00137,CUST0123,2026-08-01,2026-08-16,38605.6,38605.6,PAID
INV00138,CUST0196,2026-07-25,2026-08-09,98847.19,98847.19,PAID
INV00139,CUST0258,2026-08-04,2026-08-19,33533.47,33533.47,PAID
INV00140,CUST0234,2026-06-30,2026-07-15,72383.16,72383.16,PAID
INV00141,CUST0136,2026-07-20,2026-08-04,62514.31,62514.31,PAID
INV00142,CUST0274,2026-07-25,2026-08-09,95436.89,95436.89,PAID
INV00143,CUST0148,2026-07-10,2026-07-25,78724.91,74803.25,PAID
INV00144,CUST0228,2026-07-11,2026-07-26,69553.12,69553.12,PAID
INV00145,CUST0184,2026-07-20,2026-08-04,43353.34,43353.34,PAID
INV00146,CUST0093,2026-07-10,2026-07-25,17919.4,17919.4,PAID
INV00147,CUST0299,2026-07-05,2026-07-20,23602.75,23602.75,PAID
INV00148,CUST0239,2026-07-17,2026-08-01,67922.28,67922.28,PAID
INV00149,CUST0154,2026-08-08,2026-08-23,96221.89,96221.89,PAID
INV00150,CUST0197,2026-07-27,2026-08-11,11112.0,11112.0,PAID
INV00151,CUST0152,2026-06-28,2026-07-13,97805.48,97805.48,PAID
INV00152,CUST0026,2026-08-07,2026-08-22,74644.63,74644.63,PAID
INV00153,CUST0181,2026-07-10,2026-07-25,63843.48,63843.48,PAID
INV00154,CUST0071,2026-08-07,2026-08-22,10167.81,10167.81,PAID
INV00155,CUST0297,2026-07-22,2026-08-06,73369.8,73369.8,PAID
INV00156,CUST0213,2026-07-10,2026-07-25,20479.08,20479.08,PAID
INV00157,CUST0132,2026-07-29,2026-08-13,96754.72,96754.72,PAID
INV00158,CUST0240,2026-06-30,2026-07-15,14505.32,14505.32,PAID
INV00159,CUST0286,2026-07-20,2026-08-04,9485.14,9485.14,PAID
INV00160,CUST0233,2026-07-19,2026-08-03,67446.42,67446.42,PAID
INV00161,CUST0056,2026-08-09,2026-08-24,23765.28,23765.28,PAID
INV00162,CUST0114,2026-08-09,2026-08-24,6790.1,6790.1,PAID
INV00163,CUST0210,2026-07-05,2026-07-20,14407.81,14407.81,PAID
INV00164,CUST0050,2026-07-14,2026-07-29,88782.3,88782.3,PAID
INV00165,CUST0277,2026-07-22,2026-08-06,58940.36,58940.36,PAID
INV00166,CUST0209,2026-07-15,2026-07-30,3755.27,3755.27,PAID
INV00167,CUST0186,2026-07-02,2026-07-17,98102.31,98102.31,PAID
INV00168,CUST0032,2026-07-23,2026-08-07,27950.2,27950.2,PAID
INV00169,CUST0109,2026-08-09,2026-08-24,64129.55,64129.55,PAID
INV00170,CUST0065,2026-08-16,2026-08-31,56675.51,56675.51,PAID
INV00171,CUST0111,2026-07-11,2026-07-26,33191.68,33191.68,PAID
INV00172,CUST0142,2026-07-10,2026-07-25,98758.97,98758.97,PAID
INV00173,CUST0014,2026-07-09,2026-07-24,1978.6,1978.6,PAID
INV00174,CUST0136,2026-06-29,2026-07-14,13112.48,13112.48,PAID
INV00175,CUST0244,2026-07-28,2026-08-12,77912.7,77912.7,PAID
INV00176,CUST0023,2026-08-16,2026-08-31,78431.09,78431.09,PAID
INV00177,CUST0246,2026-07-23,2026-08-07,42914.23,42914.23,PAID
INV00178,CUST0042,2026-07-17,2026-08-01,61025.59,61025.59,PAID
INV00179,CUST0300,2026-08-01,2026-08-16,71359.2,71359.2,PAID
INV00180,CUST0259,2026-08-03,2026-08-18,43304.83,43304.83,PAID
INV00181,CUST0111,2026-07-25,2026-08-09,45429.71,45429.71,PAID
INV00182,CUST0213,2026-08-14,2026-08-29,9961.04,9961.04,PAID
INV00183,CUST0079,2026-08-13,2026-08-28,92337.01,92337.01,PAID
INV00184,CUST0222,2026-07-03,2026-07-18,74586.6,74586.6,PAID
INV00185,CUST0288,2026-07-31,2026-08-15,33299.78,33299.78,PAID
INV00186,CUST0027,2026-07-15,2026-07-30,60240.8,60240.8,PAID
INV00187,CUST0080,2026-08-08,2026-08-23,48477.84,48477.84,PAID
INV00188,CUST0059,2026-08-14,2026-08-29,28217.54,28217.54,PAID
INV00189,CUST0286,2026-06-30,2026-07-15,61094.99,61094.99,PAID
INV00190,CUST0159,2026-07-18,2026-08-02,35426.83,35426.83,PAID
INV00191,CUST0073,2026-08-13,2026-08-28,63500.62,63500.62,PAID
INV00192,CUST0193,2026-07-22,2026-08-06,45637.76,45637.76,PAID
INV00193,CUST0291,2026-08-04,2026-08-19,8953.23,8953.23,PAID
INV00194,CUST0042,2026-07-15,2026-07-30,44589.74,44589.74,PAID
INV00195,CUST0140,2026-07-14,2026-07-29,75616.84,75616.84,PAID
INV00196,CUST0250,2026-07-30,2026-08-14,66879.69,66879.69,PAID
INV00197,CUST0004,2026-07-12,2026-07-27,30491.23,30491.23,PAID
INV00198,CUST0168,2026-07-05,2026-07-20,1269.13,1269.13,PAID
INV00199,CUST0118,2026-07-28,2026-08-12,56092.99,56092.99,PAID
INV00200,CUST0224,2026-06-28,2026-07-13,46245.55,46245.55,PAID
INV00201,CUST0214,2026-07-15,2026-07-30,13233.18,11959.75,PAID
INV00202,CUST0186,2026-07-02,2026-07-17,43952.82,43952.82,PAID
INV00203,CUST0269,2026-07-05,2026-07-20,39878.79,39878.79,PAID
INV00204,CUST0087,2026-07-04,2026-07-19,51293.09,51293.09,PAID
INV00205,CUST0180,2026-08-15,2026-08-30,95843.22,95843.22,PAID
INV00206,CUST0102,2026-07-07,2026-07-22,60438.7,60438.7,PAID
INV00207,CUST0238,2026-08-14,2026-08-29,56591.68,56591.68,PAID
INV00208,CUST0166,2026-08-07,2026-08-22,31955.82,31955.82,PAID
INV00209,CUST0156,2026-08-20,2026-09-04,27830.03,27830.03,PAID
INV00210,CUST0237,2026-07-29,2026-08-13,4241.92,4241.92,PAID
INV00211,CUST0047,2026-08-05,2026-08-20,59610.94,59610.94,PAID
INV00212,CUST0022,2026-07-26,2026-08-10,90950.47,90950.47,PAID
INV00213,CUST0078,2026-07-04,2026-07-19,45327.05,45327.05,PAID
INV00214,CUST0021,2026-07-12,2026-07-27,70908.36,70908.36,PAID
INV00215,CUST0187,2026-07-22,2026-08-06,91834.71,91834.71,PAID
INV00216,CUST0027,2026-08-20,2026-09-04,63273.21,63273.21,PAID
INV00217,CUST0198,2026-07-15,2026-07-30,25573.58,25573.58,PAID
INV00218,CUST0073,2026-07-18,2026-08-02,31368.06,31368.06,PAID
INV00219,CUST0159,2026-07-31,2026-08-15,37979.59,37979.59,PAID
INV00220,CUST0270,2026-07-06,2026-07-21,64779.47,64779.47,PAID
INV00221,CUST0159,2026-07-09,2026-07-24,95141.35,95141.35,PAID
INV00222,CUST0116,2026-07-09,2026-07-24,15917.04,15917.04,PAID
INV00223,CUST0277,2026-08-13,2026-08-28,88426.38,88426.38,PAID
INV00224,CUST0193,2026-07-10,2026-07-25,16643.6,16643.6,PAID
INV00225,CUST0187,2026-08-08,2026-08-23,72098.77,72098.77,PAID
INV00226,CUST0120,2026-08-03,2026-08-18,24297.27,24297.27,PAID
INV00227,CUST0293,2026-07-25,2026-08-09,46437.16,46437.16,PAID
INV00228,CUST0215,2026-07-11,2026-07-26,81780.68,81780.68,PAID
INV00229,CUST0191,2026-08-04,2026-08-19,93462.21,93462.21,PAID
INV00230,CUST0231,2026-08-01,2026-08-16,15161.19,15161.19,PAID
INV00231,CUST0179,2026-07-01,2026-07-16,41782.24,41782.24,PAID
INV00232,CUST0042,2026-07-19,2026-08-03,22841.61,22841.61,PAID
INV00233,CUST0172,2026-08-17,2026-09-01,15031.91,15031.91,PAID
INV00234,CUST0072,2026-08-18,2026-09-02,70700.85,70700.85,PAID
INV00235,CUST0132,2026-07-12,2026-07-27,83578.83,83578.83,PAID
INV00236,CUST0155,2026-07-04,2026-07-19,5251.07,5251.07,PAID
INV00237,CUST0033,2026-07-08,2026-07-23,83750.43,83750.43,PAID
INV00238,CUST0264,2026-08-06,2026-08-21,24572.84,24572.84,PAID
INV00239,CUST0181,2026-07-16,2026-07-31,57281.04,57281.04,PAID
INV00240,CUST0185,2026-07-02,2026-07-17,95363.67,95363.67,PAID
INV00241,CUST0199,2026-07-24,2026-08-08,25738.2,25738.2,PAID
INV00242,CUST0124,2026-08-11,2026-08-26,65881.89,65881.89,PAID
INV00243,CUST0069,2026-07-02,2026-07-17,35553.76,35553.76,PAID
INV00244,CUST0238,2026-08-14,2026-08-29,48113.85,48113.85,PAID
INV00245,CUST0235,2026-07-03,2026-07-18,29697.54,29697.54,PAID
INV00246,CUST0159,2026-07-28,2026-08-12,40123.29,40123.29,PAID
INV00247,CUST0147,2026-07-21,2026-08-05,86282.78,86282.78,PAID
INV00248,CUST0189,2026-07-25,2026-08-09,89003.91,89003.91,PAID
INV00249,CUST0255,2026-08-09,2026-08-24,50003.58,50003.58,PAID
INV00250,CUST0041,2026-07-26,2026-08-10,60444.1,60444.1,PAID
INV00251,CUST0041,2026-07-16,2026-07-31,66261.46,66261.46,PAID
INV00252,CUST0086,2026-08-12,2026-08-27,44668.88,44668.88,PAID
INV00253,CUST0223,2026-07-13,2026-07-28,64127.2,64127.2,PAID
INV00254,CUST0187,2026-07-29,2026-08-13,81351.56,80209.05,PAID
INV00255,CUST0225,2026-07-01,2026-07-16,13059.89,13059.89,PAID
INV00256,CUST0197,2026-08-04,2026-08-19,3722.34,3722.34,PAID
INV00257,CUST0228,2026-08-15,2026-08-30,8150.1,8150.1,PAID
INV00258,CUST0143,2026-07-13,2026-07-28,96071.75,96071.75,PAID
INV00259,CUST0199,2026-08-04,2026-08-19,12217.22,12217.22,PAID
INV00260,CUST0147,2026-08-13,2026-08-28,91689.65,91689.65,PAID
INV00261,CUST0232,2026-07-07,2026-07-22,89918.56,89918.56,PAID
INV00262,CUST0034,2026-07-31,2026-08-15,54446.05,54446.05,PAID
INV00263,CUST0090,2026-08-19,2026-09-03,36468.47,36468.47,PAID
INV00264,CUST0122,2026-08-18,2026-09-02,49655.18,49655.18,PAID
INV00265,CUST0283,2026-07-06,2026-07-21,61388.86,61388.86,PAID
INV00266,CUST0246,2026-08-03,2026-08-18,41374.11,41374.11,PAID
INV00267,CUST0163,2026-08-09,2026-08-24,7879.42,7879.42,PAID
INV00268,CUST0283,2026-08-10,2026-08-25,58984.71,58984.71,PAID
INV00269,CUST0266,2026-07-05,2026-07-20,30760.39,30760.39,PAID
INV00270,CUST0178,2026-07-29,2026-08-13,89545.13,89545.13,PAID
INV00271,CUST0141,2026-07-08,2026-07-23,62689.72,62689.72,PAID
INV00272,CUST0298,2026-07-06,2026-07-21,17534.46,17534.46,PAID
INV00273,CUST0015,2026-07-02,2026-07-17,5023.45,5023.45,PAID
INV00274,CUST0016,2026-07-30,2026-08-14,88955.19,88955.19,PAID
INV00275,CUST0126,2026-08-13,2026-08-28,40906.21,40906.21,PAID
INV00276,CUST0226,2026-07-26,2026-08-10,48682.99,48682.99,PAID
INV00277,CUST0164,2026-08-14,2026-08-29,99896.78,98808.33,PAID
INV00278,CUST0288,2026-07-04,2026-07-19,32252.03,32252.03,PAID
INV00279,CUST0073,2026-07-04,2026-07-19,5535.23,5535.23,PAID
INV00280,CUST0082,2026-07-20,2026-08-04,93408.28,93408.28,PAID
INV00281,CUST0264,2026-07-30,2026-08-14,50126.59,50126.59,PAID
INV00282,CUST0259,2026-07-30,2026-08-14,96685.32,96685.32,PAID
INV00283,CUST0145,2026-08-01,2026-08-16,59953.12,59953.12,PAID
INV00284,CUST0221,2026-07-07,2026-07-22,88304.35,88304.35,PAID
INV00285,CUST0206,2026-07-02,2026-07-17,57243.02,57243.02,PAID
INV00286,CUST0198,2026-07-29,2026-08-13,45310.26,45310.26,PAID
INV00287,CUST0061,2026-07-07,2026-07-22,97520.74,97520.74,PAID
INV00288,CUST0188,2026-08-18,2026-09-02,14854.6,14854.6,PAID
INV00289,CUST0071,2026-08-14,2026-08-29,33637.55,33637.55,PAID
INV00290,CUST0264,2026-07-05,2026-07-20,33132.6,33132.6,PAID
INV00291,CUST0154,2026-08-05,2026-08-20,33969.16,33969.16,PAID
INV00292,CUST0009,2026-07-19,2026-08-03,36585.0,33458.34,PAID
INV00293,CUST0014,2026-08-04,2026-08-19,47721.73,47721.73,PAID
INV00294,CUST0088,2026-07-29,2026-08-13,63088.01,63088.01,PAID
INV00295,CUST0017,2026-08-03,2026-08-18,94846.41,94846.41,PAID
INV00296,CUST0215,2026-07-06,2026-07-21,41589.53,41589.53,PAID
INV00297,CUST0032,2026-08-10,2026-08-25,14239.21,14239.21,PAID
INV00298,CUST0270,2026-07-21,2026-08-05,31718.38,31718.38,PAID
INV00299,CUST0280,2026-07-22,2026-08-06,67748.92,67748.92,PAID
INV00300,CUST0143,2026-07-31,2026-08-15,30200.67,30200.67,PAID
INV00301,CUST0251,2026-07-17,2026-08-01,48240.44,48240.44,PAID
INV00302,CUST0279,2026-07-24,2026-08-08,89628.17,89628.17,PAID
INV00303,CUST0022,2026-07-16,2026-07-31,95553.71,95553.71,PAID
INV00304,CUST0132,2026-08-15,2026-08-30,48168.39,48168.39,PAID
INV00305,CUST0140,2026-07-04,2026-07-19,11368.04,11368.04,PAID
INV00306,CUST0116,2026-08-05,2026-08-20,23667.24,23667.24,PAID
INV00307,CUST0052,2026-08-12,2026-08-27,82091.82,77191.22,PAID
INV00308,CUST0244,2026-07-26,2026-08-10,65228.6,65228.6,PAID
INV00309,CUST0046,2026-08-10,2026-08-25,57626.27,57626.27,PAID
INV00310,CUST0091,2026-07-02,2026-07-17,99718.59,99718.59,PAID
INV00311,CUST0149,2026-07-01,2026-07-16,1422.08,1422.08,PAID
INV00312,CUST0233,2026-08-10,2026-08-25,54558.4,54558.4,PAID
INV00313,CUST0099,2026-07-03,2026-07-18,33403.07,33403.07,PAID
INV00314,CUST0008,2026-08-16,2026-08-31,34042.66,34042.66,PAID
INV00315,CUST0208,2026-07-28,2026-08-12,51770.43,51770.43,PAID
INV00316,CUST0072,2026-07-28,2026-08-12,32698.37,32698.37,PAID
INV00317,CUST0229,2026-08-13,2026-08-28,27065.94,27065.94,PAID
INV00318,CUST0006,2026-07-17,2026-08-01,65541.5,65541.5,PAID
INV00319,CUST0158,2026-07-06,2026-07-21,40838.95,40838.95,PAID
INV00320,CUST0189,2026-08-06,2026-08-21,22474.5,22474.5,PAID
INV00321,CUST0192,2026-07-22,2026-08-06,70343.1,70343.1,PAID
INV00322,CUST0127,2026-08-09,2026-08-24,75596.59,75596.59,PAID
INV00323,CUST0186,2026-07-01,2026-07-16,91765.85,91765.85,PAID
INV00324,CUST0104,2026-08-02,2026-08-17,53897.69,53897.69,PAID
INV00325,CUST0060,2026-08-09,2026-08-24,20937.45,20937.45,PAID
INV00326,CUST0029,2026-07-30,2026-08-14,13628.46,13628.46,PAID
INV00327,CUST0237,2026-08-13,2026-08-28,80788.08,80788.08,PAID
INV00328,CUST0112,2026-08-07,2026-08-22,7766.44,7766.44,PAID
INV00329,CUST0031,2026-07-02,2026-07-17,98620.66,98620.66,PAID
INV00330,CUST0070,2026-08-16,2026-08-31,64331.74,64331.74,PAID
INV00331,CUST0194,2026-07-23,2026-08-07,8484.87,8484.87,PAID
INV00332,CUST0092,2026-08-03,2026-08-18,39609.33,39609.33,PAID
INV00333,CUST0012,2026-07-19,2026-08-03,46568.89,46568.89,PAID
INV00334,CUST0236,2026-07-18,2026-08-02,15934.58,15934.58,PAID
INV00335,CUST0017,2026-08-12,2026-08-27,42214.44,42214.44,PAID
INV00336,CUST0018,2026-07-29,2026-08-13,59979.6,59979.6,PAID
INV00337,CUST0225,2026-07-13,2026-07-28,54206.1,54206.1,PAID
INV00338,CUST0295,2026-07-20,2026-08-04,57958.74,57958.74,PAID
INV00339,CUST0267,2026-07-11,2026-07-26,41649.24,41649.24,PAID
INV00340,CUST0090,2026-08-08,2026-08-23,68035.64,68035.64,PAID
INV00341,CUST0196,2026-08-18,2026-09-02,52684.07,52684.07,PAID
INV00342,CUST0095,2026-08-16,2026-08-31,54023.86,54023.86,PAID
INV00343,CUST0074,2026-07-29,2026-08-13,94524.54,91516.75,PAID
INV00344,CUST0125,2026-07-15,2026-07-30,20732.0,20732.0,PAID
INV00345,CUST0275,2026-08-11,2026-08-26,83025.93,83025.93,PAID
INV00346,CUST0021,2026-07-03,2026-07-18,19222.25,19222.25,PAID
INV00347,CUST0008,2026-07-11,2026-07-26,93747.4,93747.4,PAID
INV00348,CUST0105,2026-07-23,2026-08-07,91555.08,91555.08,PAID
INV00349,CUST0274,2026-08-08,2026-08-23,36246.33,36246.33,PAID
INV00350,CUST0051,2026-08-14,2026-08-29,47214.3,47214.3,PAID
INV00351,CUST0212,2026-07-03,2026-07-18,56471.21,56471.21,PAID
INV00352,CUST0284,2026-08-06,2026-08-21,58124.72,58124.72,PAID
INV00353,CUST0118,2026-07-20,2026-08-04,57194.06,57194.06,PAID
INV00354,CUST0173,2026-07-14,2026-07-29,79842.01,76454.38,PAID
INV00355,CUST0087,2026-08-12,2026-08-27,79600.06,79600.06,PAID
INV00356,CUST0095,2026-08-04,2026-08-19,99037.19,99037.19,PAID
INV00357,CUST0025,2026-08-17,2026-09-01,1135.19,1135.19,PAID
INV00358,CUST0078,2026-06-27,2026-07-12,22262.61,22262.61,PAID
INV00359,CUST0248,2026-08-09,2026-08-24,49041.51,49041.51,PAID
INV00360,CUST0009,2026-07-29,2026-08-13,72358.18,72358.18,PAID
INV00361,CUST0221,2026-07-11,2026-07-26,11148.13,11148.13,PAID
INV00362,CUST0270,2026-07-17,2026-08-01,81613.83,81613.83,PAID
INV00363,CUST0208,2026-07-30,2026-08-14,56717.72,56717.72,PAID
INV00364,CUST0017,2026-07-06,2026-07-21,40825.19,40825.19,PAID
INV00365,CUST0005,2026-08-09,2026-08-24,17552.67,17552.67,PAID
INV00366,CUST0290,2026-07-02,2026-07-17,89531.73,89531.73,PAID
INV00367,CUST0244,2026-07-16,2026-07-31,5132.92,5132.92,PAID
INV00368,CUST0289,2026-08-11,2026-08-26,3773.73,3773.73,PAID
INV00369,CUST0074,2026-08-16,2026-08-31,82158.73,82158.73,PAID
INV00370,CUST0289,2026-07-12,2026-07-27,56886.24,56886.24,PAID
INV00371,CUST0197,2026-08-16,2026-08-31,74104.64,74104.64,PAID
INV00372,CUST0051,2026-07-24,2026-08-08,23598.33,23598.33,PAID
INV00373,CUST0204,2026-08-16,2026-08-31,32974.48,32974.48,PAID
INV00374,CUST0117,2026-07-18,2026-08-02,55527.25,55527.25,PAID
INV00375,CUST0195,2026-07-01,2026-07-16,77330.66,77330.66,PAID
INV00376,CUST0043,2026-07-16,2026-07-31,15844.99,15844.99,PAID
INV00377,CUST0055,2026-07-04,2026-07-19,1016.92,1016.92,PAID
INV00378,CUST0068,2026-07-02,2026-07-17,19145.48,19145.48,PAID
INV00379,CUST0053,2026-06-30,2026-07-15,9417.07,9417.07,PAID
INV00380,CUST0007,2026-07-15,2026-07-30,41674.1,41674.1,PAID
INV00381,CUST0293,2026-08-01,2026-08-16,17373.5,17373.5,PAID
INV00382,CUST0138,2026-07-29,2026-08-13,15020.51,15020.51,PAID
INV00383,CUST0248,2026-08-15,2026-08-30,8153.68,8153.68,PAID
INV00384,CUST0254,2026-08-06,2026-08-21,61858.54,61858.54,PAID
INV00385,CUST0203,2026-07-20,2026-08-04,84240.53,84240.53,PAID
INV00386,CUST0172,2026-07-24,2026-08-08,81639.81,81639.81,PAID
INV00387,CUST0103,2026-07-26,2026-08-10,33572.76,31761.24,PAID
INV00388,CUST0252,2026-08-03,2026-08-18,78306.45,78306.45,PAID
INV00389,CUST0059,2026-08-02,2026-08-17,20380.1,20380.1,PAID
INV00390,CUST0237,2026-08-15,2026-08-30,21360.02,21360.02,PAID
INV00391,CUST0256,2026-07-08,2026-07-23,63516.94,63516.94,PAID
INV00392,CUST0217,2026-08-17,2026-09-01,38010.59,38010.59,PAID
INV00393,CUST0274,2026-07-31,2026-08-15,92387.83,92387.83,PAID
INV00394,CUST0275,2026-08-07,2026-08-22,63998.95,63998.95,PAID
INV00395,CUST0182,2026-07-06,2026-07-21,64876.48,64876.48,PAID
INV00396,CUST0205,2026-08-18,2026-09-02,33493.87,33493.87,PAID
INV00397,CUST0114,2026-07-30,2026-08-14,74811.88,74811.88,PAID
INV00398,CUST0257,2026-07-08,2026-07-23,34824.26,34824.26,PAID
INV00399,CUST0044,2026-07-06,2026-07-21,83216.12,83216.12,PAID
INV00400,CUST0106,2026-07-29,2026-08-13,48551.14,48551.14,PAID
INV00401,CUST0232,2026-07-21,2026-08-05,7183.85,7183.85,PAID
INV00402,CUST0176,2026-08-06,2026-08-21,11381.59,11381.59,PAID
INV00403,CUST0265,2026-07-09,2026-07-24,55415.07,55415.07,PAID
INV00404,CUST0208,2026-08-05,2026-08-20,18852.95,18852.95,PAID
INV00405,CUST0102,2026-07-28,2026-08-12,59424.21,59424.21,PAID
INV00406,CUST0143,2026-08-14,2026-08-29,70524.09,70524.09,PAID
INV00407,CUST0188,2026-07-18,2026-08-02,20108.89,20108.89,PAID
INV00408,CUST0161,2026-08-06,2026-08-21,39169.61,39169.61,PAID
INV00409,CUST0235,2026-08-05,2026-08-20,17666.49,17666.49,PAID
INV00410,CUST0069,2026-07-19,2026-08-03,12227.23,12227.23,PAID
INV00411,CUST0073,2026-07-30,2026-08-14,39152.1,39152.1,PAID
INV00412,CUST0250,2026-08-07,2026-08-22,53969.24,53969.24,PAID
INV00413,CUST0072,2026-07-10,2026-07-25,31800.71,31800.71,PAID
INV00414,CUST0249,2026-07-06,2026-07-21,22689.75,19915.28,PAID
INV00415,CUST0252,2026-07-27,2026-08-11,71159.17,71159.17,PAID
INV00416,CUST0016,2026-08-19,2026-09-03,76225.13,76225.13,PAID
INV00417,CUST0148,2026-07-11,2026-07-26,78183.65,78183.65,PAID
INV00418,CUST0059,2026-07-18,2026-08-02,77623.75,77623.75,PAID
INV00419,CUST0226,2026-07-30,2026-08-14,22244.92,22244.92,PAID
INV00420,CUST0153,2026-07-03,2026-07-18,45248.37,45248.37,PAID
INV00421,CUST0061,2026-08-15,2026-08-30,81282.95,81282.95,PAID
INV00422,CUST0180,2026-08-14,2026-08-29,61221.05,61221.05,PAID
INV00423,CUST0106,2026-07-03,2026-07-18,57222.4,57222.4,PAID
INV00424,CUST0150,2026-07-16,2026-07-31,57487.19,57487.19,PAID
INV00425,CUST0142,2026-08-06,2026-08-21,13125.37,13125.37,PAID
INV00426,CUST0127,2026-08-14,2026-08-29,84433.79,84433.79,PAID
INV00427,CUST0138,2026-08-10,2026-08-25,41715.4,41715.4,PAID
INV00428,CUST0264,2026-08-14,2026-08-29,28183.46,28183.46,PAID
INV00429,CUST0298,2026-06-28,2026-07-13,86956.32,86956.32,PAID
INV00430,CUST0184,2026-07-02,2026-07-17,79669.95,79669.95,PAID
INV00431,CUST0254,2026-07-14,2026-07-29,32625.08,32625.08,PAID
INV00432,CUST0290,2026-07-27,2026-08-11,78936.21,78936.21,PAID
INV00433,CUST0009,2026-07-08,2026-07-23,92978.57,92978.57,PAID
INV00434,CUST0104,2026-08-12,2026-08-27,90986.02,90986.02,PAID
INV00435,CUST0185,2026-07-12,2026-07-27,8700.84,8700.84,PAID
INV00436,CUST0120,2026-07-25,2026-08-09,65720.78,65720.78,PAID
INV00437,CUST0068,2026-08-02,2026-08-17,23005.99,23005.99,PAID
INV00438,CUST0062,2026-07-25,2026-08-09,69556.08,69556.08,PAID
INV00439,CUST0053,2026-07-06,2026-07-21,31678.47,31678.47,PAID
INV00440,CUST0074,2026-07-04,2026-07-19,53285.57,53285.57,PAID
INV00441,CUST0180,2026-08-12,2026-08-27,21699.02,21699.02,PAID
INV00442,CUST0227,2026-07-14,2026-07-29,9125.46,9125.46,PAID
INV00443,CUST0197,2026-07-22,2026-08-06,96343.25,96343.25,PAID
INV00444,CUST0044,2026-07-11,2026-07-26,55562.96,55562.96,PAID
INV00445,CUST0155,2026-07-12,2026-07-27,52016.04,52016.04,PAID
INV00446,CUST0028,2026-08-20,2026-09-04,89842.3,89842.3,PAID
INV00447,CUST0256,2026-08-08,2026-08-23,59596.01,59596.01,PAID
INV00448,CUST0292,2026-07-27,2026-08-11,36858.54,36858.54,PAID
INV00449,CUST0035,2026-06-28,2026-07-13,26587.44,26587.44,PAID
INV00450,CUST0147,2026-08-07,2026-08-22,71406.59,71406.59,PAID
INV00451,CUST0275,2026-08-04,2026-08-19,61796.68,61796.68,PAID
INV00452,CUST0105,2026-07-05,2026-07-20,53870.82,53870.82,PAID
INV00453,CUST0034,2026-07-20,2026-08-04,70018.25,70018.25,PAID
INV00454,CUST0060,2026-07-25,2026-08-09,61423.53,61423.53,PAID
INV00455,CUST0090,2026-07-07,2026-07-22,1760.16,1760.16,PAID
INV00456,CUST0178,2026-08-02,2026-08-17,51963.67,51963.67,PAID
INV00457,CUST0138,2026-08-13,2026-08-28,88698.27,88698.27,PAID
INV00458,CUST0269,2026-07-01,2026-07-16,26663.49,26663.49,PAID
INV00459,CUST0029,2026-07-30,2026-08-14,86006.3,86006.3,PAID
INV00460,CUST0294,2026-08-13,2026-08-28,72416.45,72416.45,PAID
INV00461,CUST0007,2026-07-15,2026-07-30,5075.16,5075.16,PAID
INV00462,CUST0019,2026-08-04,2026-08-19,80409.99,80409.99,PAID
INV00463,CUST0164,2026-07-13,2026-07-28,82686.7,82686.7,PAID
INV00464,CUST0092,2026-07-12,2026-07-27,81341.8,80531.63,PAID
INV00465,CUST0160,2026-07-20,2026-08-04,9095.36,9095.36,PAID
INV00466,CUST0289,2026-08-16,2026-08-31,30738.98,30738.98,PAID
INV00467,CUST0101,2026-08-13,2026-08-28,90094.11,90094.11,PAID
INV00468,CUST0120,2026-07-30,2026-08-14,35475.74,34969.16,PAID
INV00469,CUST0158,2026-07-07,2026-07-22,20916.84,20916.84,PAID
INV00470,CUST0144,2026-07-02,2026-07-17,4868.08,4868.08,PAID
INV00471,CUST0191,2026-07-26,2026-08-10,97468.2,97468.2,PAID
INV00472,CUST0202,2026-07-04,2026-07-19,59393.63,59393.63,PAID
INV00473,CUST0150,2026-07-12,2026-07-27,85165.91,85165.91,PAID
INV00474,CUST0163,2026-07-28,2026-08-12,27559.61,27559.61,PAID
INV00475,CUST0056,2026-07-07,2026-07-22,11012.95,11012.95,PAID
INV00476,CUST0275,2026-07-20,2026-08-04,96481.15,96481.15,PAID
INV00477,CUST0062,2026-07-01,2026-07-16,16182.73,16182.73,PAID
INV00478,CUST0021,2026-07-09,2026-07-24,83674.51,83674.51,PAID
INV00479,CUST0183,2026-07-25,2026-08-09,51589.24,51589.24,PAID
INV00480,CUST0208,2026-07-29,2026-08-13,55817.4,55817.4,PAID
INV00481,CUST0063,2026-06-28,2026-07-13,6636.08,6636.08,PAID
INV00482,CUST0044,2026-08-07,2026-08-22,58818.82,58818.82,PAID
INV00483,CUST0228,2026-07-06,2026-07-21,9651.87,9651.87,PAID
INV00484,CUST0087,2026-08-03,2026-08-18,43599.06,43599.06,PAID
INV00485,CUST0219,2026-07-09,2026-07-24,35717.35,35717.35,PAID
INV00486,CUST0018,2026-08-06,2026-08-21,62108.07,62108.07,PAID
INV00487,CUST0282,2026-07-28,2026-08-12,6567.42,6567.42,PAID
INV00488,CUST0270,2026-07-11,2026-07-26,63260.06,63260.06,PAID
INV00489,CUST0279,2026-08-19,2026-09-03,48725.61,48725.61,PAID
INV00490,CUST0164,2026-08-05,2026-08-20,22292.51,22292.51,PAID
INV00491,CUST0184,2026-08-14,2026-08-29,59557.5,58606.9,PAID
INV00492,CUST0137,2026-08-03,2026-08-18,81720.37,81720.37,PAID
INV00493,CUST0199,2026-07-19,2026-08-03,93553.0,93553.0,PAID
INV00494,CUST0184,2026-08-03,2026-08-18,3306.55,3306.55,PAID
INV00495,CUST0289,2026-07-12,2026-07-27,83751.34,83751.34,PAID
INV00496,CUST0020,2026-07-03,2026-07-18,6088.71,6088.71,PAID
INV00497,CUST0170,2026-08-08,2026-08-23,20545.71,20545.71,PAID
INV00498,CUST0031,2026-06-28,2026-07-13,15197.35,15197.35,PAID
INV00499,CUST0038,2026-07-22,2026-08-06,70601.53,70601.53,PAID
INV00500,CUST0166,2026-07-06,2026-07-21,97598.14,97598.14,PAID
INV00501,CUST0163,2026-07-08,2026-07-23,70864.7,70864.7,PAID
INV00502,CUST0194,2026-07-15,2026-07-30,73532.5,73532.5,PAID
INV00503,CUST0294,2026-07-24,2026-08-08,85150.32,85150.32,PAID
INV00504,CUST0114,2026-08-05,2026-08-20,56772.25,56772.25,PAID
INV00505,CUST0122,2026-07-23,2026-08-07,98246.78,98246.78,PAID
INV00506,CUST0172,2026-07-29,2026-08-13,1633.86,1633.86,PAID
INV00507,CUST0132,2026-08-17,2026-09-01,11249.44,11249.44,PAID
INV00508,CUST0215,2026-07-09,2026-07-24,88512.92,88512.92,PAID
INV00509,CUST0246,2026-08-20,2026-09-04,86473.05,86473.05,PAID
INV00510,CUST0151,2026-07-01,2026-07-16,32212.33,32212.33,PAID
INV00511,CUST0083,2026-08-12,2026-08-27,7962.74,7962.74,PAID
INV00512,CUST0016,2026-07-25,2026-08-09,94273.0,94273.0,PAID
INV00513,CUST0028,2026-07-03,2026-07-18,33443.91,33443.91,PAID
INV00514,CUST0277,2026-07-17,2026-08-01,66229.49,66229.49,PAID
INV00515,CUST0293,2026-08-05,2026-08-20,84065.52,84065.52,PAID
INV00516,CUST0045,2026-07-19,2026-08-03,82477.78,82477.78,PAID
INV00517,CUST0088,2026-08-10,2026-08-25,29535.24,29535.24,PAID
INV00518,CUST0204,2026-07-27,2026-08-11,49165.13,49165.13,PAID
INV00519,CUST0095,2026-07-24,2026-08-08,88606.52,88606.52,PAID
INV00520,CUST0226,2026-07-29,2026-08-13,26708.38,26708.38,PAID
INV00521,CUST0050,2026-07-02,2026-07-17,70133.82,66980.05,PAID
INV00522,CUST0199,2026-08-02,2026-08-17,42153.89,42153.89,PAID
INV00523,CUST0154,2026-07-02,2026-07-17,39783.03,39783.03,PAID
INV00524,CUST0076,2026-07-07,2026-07-22,94950.85,94950.85,PAID
INV00525,CUST0099,2026-07-06,2026-07-21,4746.25,4746.25,PAID
INV00526,CUST0133,2026-07-17,2026-08-01,91125.05,91125.05,PAID
INV00527,CUST0283,2026-07-21,2026-08-05,85734.11,85734.11,PAID
INV00528,CUST0268,2026-08-16,2026-08-31,42249.59,42249.59,PAID
INV00529,CUST0299,2026-08-14,2026-08-29,96500.75,96500.75,PAID
INV00530,CUST0147,2026-07-30,2026-08-14,88073.51,88073.51,PAID
INV00531,CUST0293,2026-08-07,2026-08-22,47568.14,47568.14,PAID
INV00532,CUST0206,2026-07-03,2026-07-18,39881.38,39881.38,PAID
INV00533,CUST0244,2026-07-16,2026-07-31,89754.62,89754.62,PAID
INV00534,CUST0144,2026-07-30,2026-08-14,87420.17,85894.36,PAID
INV00535,CUST0227,2026-08-15,2026-08-30,82669.42,82669.42,PAID
INV00536,CUST0046,2026-07-09,2026-07-24,44450.8,44450.8,PAID
INV00537,CUST0029,2026-07-29,2026-08-13,79253.29,79253.29,PAID
INV00538,CUST0070,2026-08-18,2026-09-02,85203.89,85203.89,PAID
INV00539,CUST0128,2026-07-01,2026-07-16,45916.64,45916.64,PAID
INV00540,CUST0238,2026-08-01,2026-08-16,39995.76,39995.76,PAID
INV00541,CUST0251,2026-08-06,2026-08-21,44887.29,44887.29,PAID
INV00542,CUST0084,2026-07-14,2026-07-29,75021.63,75021.63,PAID
INV00543,CUST0084,2026-08-01,2026-08-16,78093.1,78093.1,PAID
INV00544,CUST0138,2026-08-06,2026-08-21,41245.97,41245.97,PAID
INV00545,CUST0068,2026-08-07,2026-08-22,17733.47,17733.47,PAID
INV00546,CUST0141,2026-07-27,2026-08-11,89600.56,89600.56,PAID
INV00547,CUST0155,2026-08-13,2026-08-28,52303.47,52303.47,PAID
INV00548,CUST0192,2026-08-05,2026-08-20,64910.54,64910.54,PAID
INV00549,CUST0033,2026-07-20,2026-08-04,98841.92,98841.92,PAID
INV00550,CUST0153,2026-07-09,2026-07-24,15417.96,15417.96,PAID
INV00551,CUST0072,2026-08-14,2026-08-29,3032.8,3032.8,PAID
INV00552,CUST0199,2026-08-12,2026-08-27,4014.24,4014.24,PAID
INV00553,CUST0274,2026-08-09,2026-08-24,78597.26,78597.26,PAID
INV00554,CUST0286,2026-07-10,2026-07-25,29731.51,29731.51,PAID
INV00555,CUST0287,2026-08-17,2026-09-01,91306.16,91306.16,PAID
INV00556,CUST0115,2026-08-15,2026-08-30,87207.51,87207.51,PAID
INV00557,CUST0134,2026-08-02,2026-08-17,29758.09,29758.09,PAID
INV00558,CUST0298,2026-08-04,2026-08-19,7585.97,7585.97,PAID
INV00559,CUST0272,2026-07-19,2026-08-03,41604.17,41604.17,PAID
INV00560,CUST0210,2026-08-01,2026-08-16,89338.09,89338.09,PAID
INV00561,CUST0042,2026-08-01,2026-08-16,33596.63,33596.63,PAID
INV00562,CUST0232,2026-07-17,2026-08-01,21333.55,21333.55,PAID
INV00563,CUST0046,2026-07-06,2026-07-21,61640.73,61640.73,PAID
INV00564,CUST0003,2026-06-29,2026-07-14,58125.4,53611.37,PAID
INV00565,CUST0010,2026-08-11,2026-08-26,910.32,910.32,PAID
INV00566,CUST0067,2026-07-07,2026-07-22,38663.27,38663.27,PAID
INV00567,CUST0149,2026-07-25,2026-08-09,72919.28,72919.28,PAID
INV00568,CUST0176,2026-07-29,2026-08-13,36245.46,36245.46,PAID
INV00569,CUST0117,2026-07-15,2026-07-30,72853.3,72853.3,PAID
INV00570,CUST0259,2026-07-06,2026-07-21,12754.62,12754.62,PAID
INV00571,CUST0274,2026-08-04,2026-08-19,5334.4,5334.4,PAID
INV00572,CUST0025,2026-08-10,2026-08-25,12021.09,12021.09,PAID
INV00573,CUST0243,2026-08-09,2026-08-24,15736.15,15736.15,PAID
INV00574,CUST0267,2026-07-18,2026-08-02,62468.38,62468.38,PAID
INV00575,CUST0061,2026-07-15,2026-07-30,11844.25,11844.25,PAID
INV00576,CUST0135,2026-08-01,2026-08-16,97325.41,97325.41,PAID
INV00577,CUST0021,2026-08-02,2026-08-17,49887.29,49887.29,PAID
INV00578,CUST0121,2026-06-27,2026-07-12,1768.57,1768.57,PAID
INV00579,CUST0253,2026-07-10,2026-07-25,94969.88,94969.88,PAID
INV00580,CUST0119,2026-07-30,2026-08-14,98872.26,98872.26,PAID
INV00581,CUST0090,2026-07-01,2026-07-16,85298.74,85298.74,PAID
INV00582,CUST0060,2026-07-06,2026-07-21,85198.97,85198.97,PAID
INV00583,CUST0088,2026-07-17,2026-08-01,37781.37,36073.98,PAID
INV00584,CUST0191,2026-07-19,2026-08-03,18695.51,18695.51,PAID
INV00585,CUST0198,2026-08-13,2026-08-28,85141.82,85141.82,PAID
INV00586,CUST0068,2026-08-10,2026-08-25,72777.91,72777.91,PAID
INV00587,CUST0292,2026-08-09,2026-08-24,44097.2,44097.2,PAID
INV00588,CUST0067,2026-07-28,2026-08-12,92079.6,92079.6,PAID
INV00589,CUST0161,2026-06-29,2026-07-14,74118.83,70604.53,PAID
INV00590,CUST0268,2026-08-09,2026-08-24,70207.73,70207.73,PAID
INV00591,CUST0247,2026-07-19,2026-08-03,66539.21,66539.21,PAID
INV00592,CUST0028,2026-06-28,2026-07-13,64518.17,64518.17,PAID
INV00593,CUST0085,2026-07-03,2026-07-18,75267.29,75267.29,PAID
INV00594,CUST0260,2026-07-14,2026-07-29,55274.31,55274.31,PAID
INV00595,CUST0236,2026-07-26,2026-08-10,80225.5,80225.5,PAID
INV00596,CUST0162,2026-07-05,2026-07-20,98076.74,98076.74,PAID
INV00597,CUST0286,2026-08-01,2026-08-16,516.89,516.89,PAID
INV00598,CUST0156,2026-08-02,2026-08-17,58587.13,56452.09,PAID
INV00599,CUST0233,2026-07-20,2026-08-04,56235.01,56235.01,PAID
INV00600,CUST0232,2026-07-06,2026-07-21,10194.98,10194.98,PAID
INV00601,CUST0150,2026-08-04,2026-08-19,52437.52,52437.52,PAID
INV00602,CUST0072,2026-08-11,2026-08-26,74379.83,74379.83,PAID
INV00603,CUST0097,2026-07-07,2026-07-22,93056.52,93056.52,PAID
INV00604,CUST0174,2026-07-02,2026-07-17,75836.36,75836.36,PAID
INV00605,CUST0064,2026-08-15,2026-08-30,89229.56,89229.56,PAID
INV00606,CUST0256,2026-06-28,2026-07-13,53271.25,53271.25,PAID
INV00607,CUST0248,2026-08-01,2026-08-16,78217.61,78217.61,PAID
INV00608,CUST0066,2026-07-04,2026-07-19,39046.86,39046.86,PAID
INV00609,CUST0128,2026-07-17,2026-08-01,42625.87,40088.06,PAID
INV00610,CUST0212,2026-08-04,2026-08-19,70151.42,70151.42,PAID
INV00611,CUST0284,2026-08-08,2026-08-23,22125.58,22125.58,PAID
INV00612,CUST0177,2026-08-08,2026-08-23,13700.84,13700.84,PAID
INV00613,CUST0166,2026-08-11,2026-08-26,11982.82,11982.82,PAID
INV00614,CUST0214,2026-08-10,2026-08-25,74912.94,74912.94,PAID
INV00615,CUST0013,2026-07-24,2026-08-08,14960.01,14960.01,PAID
INV00616,CUST0129,2026-07-06,2026-07-21,84018.49,84018.49,PAID
INV00617,CUST0184,2026-07-25,2026-08-09,10696.76,10696.76,PAID
INV00618,CUST0122,2026-08-02,2026-08-17,78538.56,78538.56,PAID
INV00619,CUST0199,2026-07-22,2026-08-06,96433.96,95691.85,PAID
INV00620,CUST0104,2026-08-04,2026-08-19,86950.57,86950.57,PAID
INV00621,CUST0189,2026-08-17,2026-09-01,59044.34,59044.34,PAID
INV00622,CUST0230,2026-07-11,2026-07-26,98353.61,98353.61,PAID
INV00623,CUST0264,2026-07-06,2026-07-21,38031.22,38031.22,PAID
INV00624,CUST0083,2026-08-02,2026-08-17,84678.41,84678.41,PAID
INV00625,CUST0021,2026-07-05,2026-07-20,92898.51,92898.51,PAID
INV00626,CUST0155,2026-07-27,2026-08-11,79095.86,79095.86,PAID
INV00627,CUST0270,2026-07-14,2026-07-29,95720.28,95720.28,PAID
INV00628,CUST0279,2026-08-03,2026-08-18,40640.0,40640.0,PAID
INV00629,CUST0170,2026-07-19,2026-08-03,39681.64,36399.38,PAID
INV00630,CUST0005,2026-07-03,2026-07-18,67059.38,67059.38,PAID
INV00631,CUST0125,2026-07-03,2026-07-18,68413.86,68413.86,PAID
INV00632,CUST0132,2026-08-02,2026-08-17,72535.57,72535.57,PAID
INV00633,CUST0261,2026-07-28,2026-08-12,48937.07,48937.07,PAID
INV00634,CUST0050,2026-07-10,2026-07-25,97177.06,97177.06,PAID
INV00635,CUST0110,2026-08-08,2026-08-23,42708.84,42708.84,PAID
INV00636,CUST0223,2026-08-10,2026-08-25,81767.06,81767.06,PAID
INV00637,CUST0236,2026-08-14,2026-08-29,33505.68,33505.68,PAID
INV00638,CUST0286,2026-07-02,2026-07-17,57708.75,57708.75,PAID
INV00639,CUST0231,2026-08-05,2026-08-20,40742.58,40742.58,PAID
INV00640,CUST0274,2026-06-27,2026-07-12,64321.56,64321.56,PAID
INV00641,CUST0038,2026-07-18,2026-08-02,92840.75,92840.75,PAID
INV00642,CUST0045,2026-07-14,2026-07-29,76644.79,76644.79,PAID
INV00643,CUST0243,2026-07-07,2026-07-22,53580.04,53580.04,PAID
INV00644,CUST0074,2026-07-16,2026-07-31,68440.44,67890.26,PAID
INV00645,CUST0064,2026-07-03,2026-07-18,1000.47,1000.47,PAID
INV00646,CUST0108,2026-08-12,2026-08-27,74272.33,74272.33,PAID
INV00647,CUST0073,2026-07-10,2026-07-25,18807.28,18807.28,PAID
INV00648,CUST0291,2026-07-04,2026-07-19,85213.08,85213.08,PAID
INV00649,CUST0035,2026-07-12,2026-07-27,12378.26,10271.14,PAID
INV00650,CUST0121,2026-07-05,2026-07-20,28871.15,28871.15,PAID
INV00651,CUST0231,2026-07-21,2026-08-05,61826.07,61826.07,PAID
INV00652,CUST0291,2026-07-22,2026-08-06,80866.13,80866.13,PAID
INV00653,CUST0114,2026-08-13,2026-08-28,74111.71,74111.71,PAID
INV00654,CUST0170,2026-07-28,2026-08-12,46553.41,46553.41,PAID
INV00655,CUST0056,2026-07-11,2026-07-26,64732.38,64732.38,PAID
INV00656,CUST0101,2026-07-17,2026-08-01,73487.69,73487.69,PAID
INV00657,CUST0016,2026-08-03,2026-08-18,58100.63,58100.63,PAID
INV00658,CUST0279,2026-08-03,2026-08-18,47474.34,47474.34,PAID
INV00659,CUST0149,2026-07-05,2026-07-20,46737.76,46737.76,PAID
INV00660,CUST0123,2026-08-08,2026-08-23,68574.08,68574.08,PAID
INV00661,CUST0290,2026-08-09,2026-08-24,87283.42,87283.42,PAID
INV00662,CUST0021,2026-07-13,2026-07-28,76266.5,76266.5,PAID
INV00663,CUST0022,2026-08-09,2026-08-24,21074.02,21074.02,PAID
INV00664,CUST0021,2026-08-09,2026-08-24,32745.08,32745.08,PAID
INV00665,CUST0279,2026-08-01,2026-08-16,17798.06,17798.06,PAID
INV00666,CUST0265,2026-07-15,2026-07-30,37944.71,37944.71,PAID
INV00667,CUST0250,2026-08-19,2026-09-03,48469.95,48469.95,PAID
INV00668,CUST0085,2026-07-14,2026-07-29,8170.28,8170.28,PAID
INV00669,CUST0186,2026-08-05,2026-08-20,71871.62,71871.62,PAID
INV00670,CUST0059,2026-07-30,2026-08-14,67685.33,67685.33,PAID
INV00671,CUST0211,2026-07-01,2026-07-16,24745.2,24745.2,PAID
INV00672,CUST0263,2026-07-01,2026-07-16,89134.37,89134.37,PAID
INV00673,CUST0265,2026-07-21,2026-08-05,60136.07,60136.07,PAID
INV00674,CUST0044,2026-07-13,2026-07-28,45195.73,45195.73,PAID
INV00675,CUST0074,2026-08-16,2026-08-31,58473.29,58473.29,PAID
INV00676,CUST0086,2026-08-16,2026-08-31,68716.32,68716.32,PAID
INV00677,CUST0194,2026-07-21,2026-08-05,13655.21,13655.21,PAID
INV00678,CUST0215,2026-07-06,2026-07-21,60748.35,60748.35,PAID
INV00679,CUST0020,2026-08-15,2026-08-30,53377.28,53377.28,PAID
INV00680,CUST0277,2026-06-29,2026-07-14,89748.41,89748.41,PAID
INV00681,CUST0272,2026-07-25,2026-08-09,23333.88,23333.88,PAID
INV00682,CUST0295,2026-07-06,2026-07-21,42836.19,42836.19,PAID
INV00683,CUST0146,2026-08-08,2026-08-23,87738.25,87738.25,PAID
INV00684,CUST0004,2026-08-05,2026-08-20,52492.79,52492.79,PAID
INV00685,CUST0162,2026-07-23,2026-08-07,36545.84,36545.84,PAID
INV00686,CUST0134,2026-07-30,2026-08-14,42644.37,42644.37,PAID
INV00687,CUST0105,2026-07-23,2026-08-07,55434.44,55434.44,PAID
INV00688,CUST0248,2026-07-14,2026-07-29,98856.57,98856.57,PAID
INV00689,CUST0071,2026-08-07,2026-08-22,12349.03,12349.03,PAID
INV00690,CUST0052,2026-07-10,2026-07-25,51080.18,51080.18,PAID
INV00691,CUST0027,2026-07-10,2026-07-25,39215.82,39215.82,PAID
INV00692,CUST0223,2026-07-02,2026-07-17,6876.01,6876.01,PAID
INV00693,CUST0197,2026-07-22,2026-08-06,61589.58,61589.58,PAID
INV00694,CUST0090,2026-08-05,2026-08-20,49689.65,49689.65,PAID
INV00695,CUST0147,2026-07-08,2026-07-23,3844.13,3844.13,PAID
INV00696,CUST0185,2026-07-14,2026-07-29,65674.4,65674.4,PAID
INV00697,CUST0181,2026-08-07,2026-08-22,39816.74,39816.74,PAID
INV00698,CUST0036,2026-07-04,2026-07-19,55184.47,55184.47,PAID
INV00699,CUST0100,2026-07-27,2026-08-11,93006.53,93006.53,PAID
INV00700,CUST0055,2026-08-05,2026-08-20,7702.4,7702.4,PAID
INV00701,CUST0132,2026-08-01,2026-08-16,81408.16,81408.16,PAID
INV00702,CUST0248,2026-08-16,2026-08-31,27270.51,24705.69,PAID
INV00703,CUST0015,2026-07-30,2026-08-14,12068.7,12068.7,PAID
INV00704,CUST0118,2026-07-21,2026-08-05,41536.38,41536.38,PAID
INV00705,CUST0135,2026-07-14,2026-07-29,29085.31,29085.31,PAID
INV00706,CUST0284,2026-07-08,2026-07-23,47917.27,47917.27,PAID
INV00707,CUST0094,2026-08-16,2026-08-31,68469.18,68469.18,PAID
INV00708,CUST0124,2026-07-13,2026-07-28,21074.47,21074.47,PAID
INV00709,CUST0080,2026-08-14,2026-08-29,11115.58,11115.58,PAID
INV00710,CUST0004,2026-08-16,2026-08-31,85780.39,85780.39,PAID
INV00711,CUST0162,2026-07-28,2026-08-12,89863.06,89863.06,PAID
INV00712,CUST0204,2026-07-12,2026-07-27,75141.85,75141.85,PAID
INV00713,CUST0277,2026-07-02,2026-07-17,50496.28,50496.28,PAID
INV00714,CUST0266,2026-07-29,2026-08-13,31907.3,31907.3,PAID
INV00715,CUST0298,2026-07-05,2026-07-20,32880.9,32880.9,PAID
INV00716,CUST0138,2026-07-28,2026-08-12,95873.42,95873.42,PAID
INV00717,CUST0108,2026-07-24,2026-08-08,70220.91,70220.91,PAID
INV00718,CUST0231,2026-07-07,2026-07-22,57355.27,57355.27,PAID
INV00719,CUST0121,2026-07-31,2026-08-15,43505.77,43505.77,PAID
INV00720,CUST0243,2026-06-26,2026-07-11,18072.42,18072.42,PAID
INV00721,CUST0274,2026-08-12,2026-08-27,31914.86,31914.86,PAID
INV00722,CUST0025,2026-07-24,2026-08-08,10347.99,10347.99,PAID
INV00723,CUST0050,2026-07-25,2026-08-09,74587.03,74587.03,PAID
INV00724,CUST0132,2026-07-18,2026-08-02,2473.62,2473.62,PAID
INV00725,CUST0102,2026-08-04,2026-08-19,59582.24,57801.5,PAID
INV00726,CUST0262,2026-07-29,2026-08-13,77587.06,77587.06,PAID
INV00727,CUST0075,2026-07-07,2026-07-22,64237.77,64237.77,PAID
INV00728,CUST0208,2026-07-03,2026-07-18,8371.64,8371.64,PAID
INV00729,CUST0150,2026-08-12,2026-08-27,27113.5,27113.5,PAID
INV00730,CUST0267,2026-07-28,2026-08-12,41691.91,41691.91,PAID
INV00731,CUST0129,2026-08-14,2026-08-29,70219.34,70219.34,PAID
INV00732,CUST0049,2026-07-05,2026-07-20,93710.97,93710.97,PAID
INV00733,CUST0269,2026-08-17,2026-09-01,99603.37,99603.37,PAID
INV00734,CUST0200,2026-07-19,2026-08-03,23320.92,23320.92,PAID
INV00735,CUST0270,2026-07-09,2026-07-24,3342.84,3342.84,PAID
INV00736,CUST0277,2026-07-17,2026-08-01,58719.55,55080.25,PAID
INV00737,CUST0234,2026-08-05,2026-08-20,75016.7,75016.7,PAID
INV00738,CUST0159,2026-07-20,2026-08-04,48424.34,48424.34,PAID
INV00739,CUST0188,2026-07-23,2026-08-07,26350.8,26350.8,PAID
INV00740,CUST0177,2026-07-16,2026-07-31,47185.2,47185.2,PAID
INV00741,CUST0154,2026-07-01,2026-07-16,76703.99,76703.99,PAID
INV00742,CUST0192,2026-07-12,2026-07-27,41467.72,41467.72,PAID
INV00743,CUST0200,2026-07-24,2026-08-08,22448.95,22448.95,PAID
INV00744,CUST0140,2026-07-19,2026-08-03,65021.48,65021.48,PAID
INV00745,CUST0070,2026-07-17,2026-08-01,11480.46,11480.46,PAID
INV00746,CUST0252,2026-07-09,2026-07-24,32404.05,32404.05,PAID
INV00747,CUST0096,2026-07-02,2026-07-17,28570.4,28570.4,PAID
INV00748,CUST0120,2026-07-03,2026-07-18,15493.03,15493.03,PAID
INV00749,CUST0256,2026-07-23,2026-08-07,46636.6,46636.6,PAID
INV00750,CUST0137,2026-08-17,2026-09-01,39545.97,39545.97,PAID
INV00751,CUST0007,2026-07-05,2026-07-20,97472.55,97472.55,PAID
INV00752,CUST0018,2026-07-12,2026-07-27,46353.05,46353.05,PAID
INV00753,CUST0200,2026-08-08,2026-08-23,96140.78,96140.78,PAID
INV00754,CUST0282,2026-08-02,2026-08-17,12653.08,12653.08,PAID
INV00755,CUST0027,2026-08-09,2026-08-24,22169.93,22169.93,PAID
INV00756,CUST0008,2026-07-10,2026-07-25,79541.84,79541.84,PAID
INV00757,CUST0022,2026-08-06,2026-08-21,78455.79,78455.79,PAID
INV00758,CUST0046,2026-07-14,2026-07-29,16191.0,16191.0,PAID
INV00759,CUST0031,2026-07-04,2026-07-19,35874.01,35874.01,PAID
INV00760,CUST0250,2026-07-12,2026-07-27,32015.59,32015.59,PAID
INV00761,CUST0099,2026-06-30,2026-07-15,69080.37,69080.37,PAID
INV00762,CUST0249,2026-08-12,2026-08-27,44031.25,44031.25,PAID
INV00763,CUST0291,2026-07-10,2026-07-25,54590.24,54590.24,PAID
INV00764,CUST0284,2026-07-09,2026-07-24,7353.22,7353.22,PAID
INV00765,CUST0188,2026-07-30,2026-08-14,571.62,571.62,PAID
INV00766,CUST0187,2026-08-14,2026-08-29,62209.63,62209.63,PAID
INV00767,CUST0199,2026-07-12,2026-07-27,52644.94,52644.94,PAID
INV00768,CUST0145,2026-07-17,2026-08-01,41275.55,41275.55,PAID
INV00769,CUST0035,2026-07-03,2026-07-18,83601.74,83601.74,PAID
INV00770,CUST0055,2026-07-29,2026-08-13,19565.86,19565.86,PAID
INV00771,CUST0251,2026-08-02,2026-08-17,62585.06,62585.06,PAID
INV00772,CUST0037,2026-07-01,2026-07-16,93056.0,93056.0,PAID
INV00773,CUST0032,2026-07-19,2026-08-03,56022.98,56022.98,PAID
INV00774,CUST0137,2026-08-03,2026-08-18,4544.99,4544.99,PAID
INV00775,CUST0266,2026-07-06,2026-07-21,10571.9,10571.9,PAID
INV00776,CUST0270,2026-08-08,2026-08-23,25251.92,25251.92,PAID
INV00777,CUST0055,2026-08-14,2026-08-29,64043.12,64043.12,PAID
INV00778,CUST0219,2026-07-03,2026-07-18,17097.53,17097.53,PAID
INV00779,CUST0081,2026-08-02,2026-08-17,99844.14,99844.14,PAID
INV00780,CUST0167,2026-07-22,2026-08-06,41528.16,41528.16,PAID
INV00781,CUST0124,2026-08-01,2026-08-16,54789.81,54789.81,PAID
INV00782,CUST0185,2026-07-29,2026-08-13,45026.23,45026.23,PAID
INV00783,CUST0009,2026-08-02,2026-08-17,13941.03,13941.03,PAID
INV00784,CUST0162,2026-06-28,2026-07-13,77266.55,77266.55,PAID
INV00785,CUST0293,2026-08-05,2026-08-20,15894.12,15894.12,PAID
INV00786,CUST0136,2026-07-22,2026-08-06,89017.72,89017.72,PAID
INV00787,CUST0293,2026-07-21,2026-08-05,57121.96,57121.96,PAID
INV00788,CUST0248,2026-07-10,2026-07-25,49083.5,49083.5,PAID
INV00789,CUST0296,2026-07-23,2026-08-07,8308.5,8308.5,PAID
INV00790,CUST0223,2026-07-26,2026-08-10,93059.49,93059.49,PAID
INV00791,CUST0006,2026-08-06,2026-08-21,77853.15,77853.15,PAID
INV00792,CUST0164,2026-08-03,2026-08-18,56708.83,56708.83,PAID
INV00793,CUST0026,2026-08-09,2026-08-24,77179.85,73292.07,PAID
INV00794,CUST0047,2026-07-13,2026-07-28,43477.6,43477.6,PAID
INV00795,CUST0244,2026-08-03,2026-08-18,74658.85,74658.85,PAID
INV00796,CUST0223,2026-08-18,2026-09-02,69938.12,69938.12,PAID
INV00797,CUST0203,2026-08-09,2026-08-24,57347.4,57347.4,PAID
INV00798,CUST0166,2026-08-10,2026-08-25,92451.74,92451.74,PAID
INV00799,CUST0188,2026-07-23,2026-08-07,19453.73,19453.73,PAID
INV00800,CUST0087,2026-07-20,2026-08-04,61813.99,61813.99,PAID
INV00801,CUST0120,2026-07-13,2026-07-28,68693.24,68693.24,PAID
INV00802,CUST0028,2026-07-14,2026-07-29,94919.62,94919.62,PAID
INV00803,CUST0057,2026-07-15,2026-07-30,45281.13,45281.13,PAID
INV00804,CUST0109,2026-07-10,2026-07-25,54869.21,54869.21,PAID
INV00805,CUST0073,2026-08-09,2026-08-24,70026.15,70026.15,PAID
INV00806,CUST0023,2026-07-12,2026-07-27,17446.8,17446.8,PAID
INV00807,CUST0139,2026-06-29,2026-07-14,46763.6,46763.6,PAID
INV00808,CUST0185,2026-07-04,2026-07-19,2398.29,2398.29,PAID
INV00809,CUST0051,2026-07-17,2026-08-01,48723.88,48723.88,PAID
INV00810,CUST0288,2026-08-13,2026-08-28,2638.1,2638.1,PAID
INV00811,CUST0251,2026-07-24,2026-08-08,74566.88,74566.88,PAID
INV00812,CUST0155,2026-07-11,2026-07-26,99601.44,99601.44,PAID
INV00813,CUST0199,2026-06-30,2026-07-15,94441.6,94441.6,PAID
INV00814,CUST0071,2026-07-02,2026-07-17,73124.02,73124.02,PAID
INV00815,CUST0219,2026-07-19,2026-08-03,91018.67,91018.67,PAID
INV00816,CUST0071,2026-08-05,2026-08-20,54364.71,54364.71,PAID
INV00817,CUST0269,2026-07-05,2026-07-20,43291.4,43291.4,PAID
INV00818,CUST0163,2026-07-04,2026-07-19,55955.36,55955.36,PAID
INV00819,CUST0016,2026-08-13,2026-08-28,34074.47,32209.4,PAID
INV00820,CUST0141,2026-07-10,2026-07-25,78021.23,78021.23,PAID
INV00821,CUST0137,2026-08-07,2026-08-22,56920.79,56920.79,PAID
INV00822,CUST0014,2026-07-19,2026-08-03,8407.81,8407.81,PAID
INV00823,CUST0192,2026-07-11,2026-07-26,85286.88,85286.88,PAID
INV00824,CUST0116,2026-06-30,2026-07-15,41154.62,41154.62,PAID
INV00825,CUST0104,2026-08-15,2026-08-30,20853.93,20853.93,PAID
INV00826,CUST0251,2026-08-11,2026-08-26,32827.11,32827.11,PAID
INV00827,CUST0195,2026-08-13,2026-08-28,31633.3,31633.3,PAID
INV00828,CUST0022,2026-07-16,2026-07-31,52110.91,52110.91,PAID
INV00829,CUST0265,2026-08-15,2026-08-30,63249.53,63249.53,PAID
INV00830,CUST0156,2026-08-17,2026-09-01,82848.29,82848.29,PAID
INV00831,CUST0028,2026-08-09,2026-08-24,51938.48,51938.48,PAID
INV00832,CUST0047,2026-08-11,2026-08-26,50315.45,50315.45,PAID
INV00833,CUST0070,2026-07-23,2026-08-07,41649.15,41649.15,PAID
INV00834,CUST0104,2026-07-25,2026-08-09,9472.88,9472.88,PAID
INV00835,CUST0064,2026-07-06,2026-07-21,11859.41,11859.41,PAID
INV00836,CUST0197,2026-08-13,2026-08-28,79211.13,79211.13,PAID
INV00837,CUST0088,2026-07-21,2026-08-05,56766.41,56766.41,PAID
INV00838,CUST0027,2026-07-26,2026-08-10,31152.19,31152.19,PAID
INV00839,CUST0068,2026-07-10,2026-07-25,851.52,851.52,PAID
INV00840,CUST0279,2026-06-27,2026-07-12,60994.4,60994.4,PAID
INV00841,CUST0244,2026-07-30,2026-08-14,41310.06,41310.06,PAID
INV00842,CUST0281,2026-07-17,2026-08-01,62166.72,62166.72,PAID
INV00843,CUST0179,2026-06-29,2026-07-14,14964.75,14964.75,PAID
INV00844,CUST0170,2026-07-05,2026-07-20,5378.62,5378.62,PAID
INV00845,CUST0294,2026-08-18,2026-09-02,56436.63,56436.63,PAID
INV00846,CUST0048,2026-08-19,2026-09-03,30279.8,30279.8,PAID
INV00847,CUST0034,2026-07-17,2026-08-01,47346.28,47346.28,PAID
INV00848,CUST0270,2026-07-27,2026-08-11,52702.3,52702.3,PAID
INV00849,CUST0271,2026-07-04,2026-07-19,48624.47,48624.47,PAID
INV00850,CUST0270,2026-08-02,2026-08-17,99504.92,99504.92,PAID
INV00851,CUST0255,2026-08-02,2026-08-17,73053.88,73053.88,PAID
INV00852,CUST0120,2026-08-15,2026-08-30,29403.56,29403.56,PAID
INV00853,CUST0061,2026-08-15,2026-08-30,84882.94,84882.94,PAID
INV00854,CUST0287,2026-08-08,2026-08-23,21627.62,21627.62,PAID
INV00855,CUST0158,2026-07-20,2026-08-04,50915.62,50915.62,PAID
INV00856,CUST0171,2026-07-21,2026-08-05,39906.91,39906.91,PAID
INV00857,CUST0174,2026-08-08,2026-08-23,48171.27,48171.27,PAID
INV00858,CUST0247,2026-07-07,2026-07-22,62906.45,62906.45,PAID
INV00859,CUST0029,2026-08-03,2026-08-18,30284.7,30284.7,PAID
INV00860,CUST0296,2026-08-12,2026-08-27,33506.07,33506.07,PAID
INV00861,CUST0016,2026-07-19,2026-08-03,98370.07,98370.07,PAID
INV00862,CUST0060,2026-08-18,2026-09-02,75278.25,75278.25,PAID
INV00863,CUST0045,2026-07-30,2026-08-14,87766.35,87766.35,PAID
INV00864,CUST0269,2026-07-19,2026-08-03,17913.77,17913.77,PAID
INV00865,CUST0228,2026-08-01,2026-08-16,2981.01,2981.01,PAID
INV00866,CUST0175,2026-07-30,2026-08-14,73377.89,73377.89,PAID
INV00867,CUST0265,2026-08-10,2026-08-25,99275.67,99275.67,PAID
INV00868,CUST0268,2026-07-04,2026-07-19,908.93,908.93,PAID
INV00869,CUST0171,2026-07-25,2026-08-09,88973.99,88973.99,PAID
INV00870,CUST0160,2026-07-01,2026-07-16,57967.2,57967.2,PAID
INV00871,CUST0103,2026-07-08,2026-07-23,29013.45,29013.45,PAID
INV00872,CUST0140,2026-07-06,2026-07-21,16170.85,16170.85,PAID
INV00873,CUST0264,2026-07-05,2026-07-20,21054.45,21054.45,PAID
INV00874,CUST0146,2026-08-04,2026-08-19,24860.09,24860.09,PAID
INV00875,CUST0228,2026-07-04,2026-07-19,13442.36,13442.36,PAID
INV00876,CUST0197,2026-06-30,2026-07-15,9068.9,9068.9,PAID
INV00877,CUST0229,2026-08-04,2026-08-19,35884.62,35884.62,PAID
INV00878,CUST0274,2026-07-06,2026-07-21,97381.35,97381.35,PAID
INV00879,CUST0240,2026-07-06,2026-07-21,45830.62,45830.62,PAID
INV00880,CUST0133,2026-07-22,2026-08-06,39511.65,39511.65,PAID
INV00881,CUST0250,2026-06-29,2026-07-14,7003.84,7003.84,PAID
INV00882,CUST0145,2026-08-16,2026-08-31,35187.24,35187.24,PAID
INV00883,CUST0055,2026-07-17,2026-08-01,55836.91,55836.91,PAID
INV00884,CUST0206,2026-08-04,2026-08-19,41637.47,41637.47,PAID
INV00885,CUST0034,2026-07-19,2026-08-03,21219.7,21219.7,PAID
INV00886,CUST0176,2026-08-04,2026-08-19,69566.25,69566.25,PAID
INV00887,CUST0294,2026-08-01,2026-08-16,11875.12,11875.12,PAID
INV00888,CUST0091,2026-07-15,2026-07-30,95610.4,95610.4,PAID
INV00889,CUST0195,2026-07-20,2026-08-04,49682.37,49682.37,PAID
INV00890,CUST0001,2026-08-16,2026-08-31,15099.17,15099.17,PAID
INV00891,CUST0296,2026-07-24,2026-08-08,19968.83,19968.83,PAID
INV00892,CUST0223,2026-08-11,2026-08-26,98266.74,98266.74,PAID
INV00893,CUST0207,2026-07-05,2026-07-20,85324.27,85324.27,PAID
INV00894,CUST0001,2026-08-13,2026-08-28,56223.01,56223.01,PAID
INV00895,CUST0121,2026-07-23,2026-08-07,70371.08,70371.08,PAID
INV00896,CUST0208,2026-07-22,2026-08-06,43801.41,43801.41,PAID
INV00897,CUST0097,2026-08-04,2026-08-19,38767.21,38767.21,PAID
INV00898,CUST0065,2026-07-06,2026-07-21,1654.47,1654.47,PAID
INV00899,CUST0224,2026-07-04,2026-07-19,8924.01,8924.01,PAID
INV00900,CUST0093,2026-07-29,2026-08-13,51186.78,51186.78,PAID
INV00901,CUST0218,2026-08-07,2026-08-22,1239.28,1239.28,PAID
INV00902,CUST0257,2026-07-18,2026-08-02,41378.36,41378.36,PAID
INV00903,CUST0248,2026-08-10,2026-08-25,38033.85,37173.57,PAID
INV00904,CUST0270,2026-08-14,2026-08-29,77997.55,77997.55,PAID
INV00905,CUST0046,2026-07-12,2026-07-27,47508.93,47508.93,PAID
INV00906,CUST0160,2026-08-09,2026-08-24,5751.04,5751.04,PAID
INV00907,CUST0233,2026-07-31,2026-08-15,90652.48,90652.48,PAID
INV00908,CUST0086,2026-06-29,2026-07-14,69657.59,69657.59,PAID
INV00909,CUST0032,2026-08-05,2026-08-20,47579.47,47579.47,PAID
INV00910,CUST0014,2026-07-17,2026-08-01,48733.64,48733.64,PAID
INV00911,CUST0068,2026-08-09,2026-08-24,28456.71,28456.71,PAID
INV00912,CUST0090,2026-08-06,2026-08-21,74027.24,74027.24,PAID
INV00913,CUST0121,2026-08-01,2026-08-16,18490.51,18490.51,PAID
INV00914,CUST0079,2026-07-31,2026-08-15,75399.75,75399.75,PAID
INV00915,CUST0226,2026-08-14,2026-08-29,63938.68,63938.68,PAID
INV00916,CUST0136,2026-08-15,2026-08-30,82043.34,82043.34,PAID
INV00917,CUST0155,2026-07-26,2026-08-10,74741.98,74741.98,PAID
INV00918,CUST0243,2026-07-14,2026-07-29,14942.41,14942.41,PAID
INV00919,CUST0162,2026-07-30,2026-08-14,68446.19,68446.19,PAID
INV00920,CUST0182,2026-07-26,2026-08-10,61243.31,61243.31,PAID
INV00921,CUST0131,2026-08-06,2026-08-21,58625.59,58625.59,PAID
INV00922,CUST0100,2026-08-03,2026-08-18,34071.96,34071.96,PAID
INV00923,CUST0005,2026-06-30,2026-07-15,1690.16,1690.16,PAID
INV00924,CUST0180,2026-07-15,2026-07-30,72662.44,72662.44,PAID
INV00925,CUST0048,2026-06-29,2026-07-14,97252.66,93881.29,PAID
INV00926,CUST0045,2026-08-03,2026-08-18,13425.77,13425.77,PAID
INV00927,CUST0240,2026-08-10,2026-08-25,93650.11,93650.11,PAID
INV00928,CUST0166,2026-07-17,2026-08-01,16615.62,16615.62,PAID
INV00929,CUST0199,2026-07-19,2026-08-03,101288.87,99597.88,PAID
INV00930,CUST0252,2026-07-13,2026-07-28,61225.04,61225.04,PAID
INV00931,CUST0277,2026-08-14,2026-08-29,43409.73,43409.73,PAID
INV00932,CUST0053,2026-07-03,2026-07-18,7755.49,7755.49,PAID
INV00933,CUST0077,2026-08-09,2026-08-24,64213.36,64213.36,PAID
INV00934,CUST0169,2026-07-23,2026-08-07,57676.71,57676.71,PAID
INV00935,CUST0036,2026-08-01,2026-08-16,27152.65,22971.76,PAID
INV00936,CUST0291,2026-08-02,2026-08-17,93536.7,93536.7,PAID
INV00937,CUST0029,2026-08-08,2026-08-23,99703.07,99703.07,PAID
INV00938,CUST0236,2026-08-18,2026-09-02,76767.55,76767.55,PAID
INV00939,CUST0098,2026-07-18,2026-08-02,69740.29,69740.29,PAID
INV00940,CUST0044,2026-08-09,2026-08-24,44079.38,44079.38,PAID
INV00941,CUST0123,2026-07-29,2026-08-13,39182.37,39182.37,PAID
INV00942,CUST0019,2026-07-21,2026-08-05,6077.42,6077.42,PAID
INV00943,CUST0268,2026-07-29,2026-08-13,94038.93,94038.93,PAID
INV00944,CUST0019,2026-08-13,2026-08-28,14588.25,14588.25,PAID
INV00945,CUST0125,2026-08-14,2026-08-29,65054.25,65054.25,PAID
INV00946,CUST0050,2026-07-30,2026-08-14,61316.98,61316.98,PAID
INV00947,CUST0255,2026-08-07,2026-08-22,80017.93,80017.93,PAID
INV00948,CUST0173,2026-08-12,2026-08-27,68000.58,68000.58,PAID
INV00949,CUST0280,2026-07-05,2026-07-20,32498.19,32498.19,PAID
INV00950,CUST0172,2026-07-04,2026-07-19,12514.18,12514.18,PAID
INV00951,CUST0190,2026-08-05,2026-08-20,16918.11,16918.11,PAID
INV00952,CUST0052,2026-08-20,2026-09-04,84812.99,84812.99,PAID
INV00953,CUST0042,2026-06-27,2026-07-12,1218.79,1218.79,PAID
INV00954,CUST0214,2026-08-13,2026-08-28,80837.47,80837.47,PAID
INV00955,CUST0139,2026-07-30,2026-08-14,45316.7,45316.7,PAID
INV00956,CUST0020,2026-08-08,2026-08-23,18410.05,18410.05,PAID
INV00957,CUST0155,2026-07-19,2026-08-03,42169.19,42169.19,PAID
INV00958,CUST0186,2026-08-13,2026-08-28,98684.82,98684.82,PAID
INV00959,CUST0107,2026-07-13,2026-07-28,5780.37,5780.37,PAID
INV00960,CUST0255,2026-07-10,2026-07-25,16396.08,16396.08,PAID
INV00961,CUST0108,2026-07-23,2026-08-07,25512.49,25512.49,PAID
INV00962,CUST0276,2026-07-12,2026-07-27,16225.54,16225.54,PAID
INV00963,CUST0121,2026-08-11,2026-08-26,44759.68,44759.68,PAID
INV00964,CUST0167,2026-07-14,2026-07-29,78008.04,78008.04,PAID
INV00965,CUST0212,2026-07-09,2026-07-24,37865.47,37865.47,PAID
INV00966,CUST0028,2026-07-26,2026-08-10,14921.66,14921.66,PAID
INV00967,CUST0235,2026-08-15,2026-08-30,21228.36,19818.41,PAID
INV00968,CUST0292,2026-07-01,2026-07-16,28420.11,28420.11,PAID
INV00969,CUST0176,2026-07-10,2026-07-25,88697.69,88697.69,PAID
INV00970,CUST0088,2026-08-02,2026-08-17,97028.52,97028.52,PAID
INV00971,CUST0111,2026-08-02,2026-08-17,47612.15,47612.15,PAID
INV00972,CUST0127,2026-07-12,2026-07-27,33065.95,33065.95,PAID
INV00973,CUST0003,2026-07-22,2026-08-06,98028.31,98028.31,PAID
INV00974,CUST0218,2026-08-02,2026-08-17,39734.86,39734.86,PAID
INV00975,CUST0286,2026-08-17,2026-09-01,1736.09,1736.09,PAID
INV00976,CUST0152,2026-07-11,2026-07-26,64940.2,64940.2,PAID
INV00977,CUST0083,2026-08-14,2026-08-29,48785.56,46198.64,PAID
INV00978,CUST0208,2026-07-07,2026-07-22,79090.94,79090.94,PAID
INV00979,CUST0001,2026-08-08,2026-08-23,7534.51,7534.51,PAID
INV00980,CUST0139,2026-08-14,2026-08-29,94636.5,94636.5,PAID
INV00981,CUST0172,2026-08-17,2026-09-01,93258.2,93258.2,PAID
INV00982,CUST0021,2026-07-23,2026-08-07,36960.08,36960.08,PAID
INV00983,CUST0172,2026-07-12,2026-07-27,54193.57,54193.57,PAID
INV00984,CUST0108,2026-08-16,2026-08-31,74629.16,74629.16,PAID
INV00985,CUST0217,2026-07-15,2026-07-30,5918.77,5918.77,PAID
INV00986,CUST0270,2026-07-06,2026-07-21,47281.3,47281.3,PAID
INV00987,CUST0034,2026-07-10,2026-07-25,89244.37,89244.37,PAID
INV00988,CUST0148,2026-07-04,2026-07-19,11381.81,11381.81,PAID
INV00989,CUST0078,2026-07-09,2026-07-24,52308.42,52308.42,PAID
INV00990,CUST0068,2026-07-31,2026-08-15,34996.67,34996.67,PAID
INV00991,CUST0097,2026-07-01,2026-07-16,2692.64,2692.64,PAID
INV00992,CUST0172,2026-07-22,2026-08-06,58081.11,58081.11,PAID
INV00993,CUST0272,2026-08-03,2026-08-18,44803.0,44803.0,PAID
INV00994,CUST0134,2026-07-15,2026-07-30,48682.19,48682.19,PAID
INV00995,CUST0181,2026-07-18,2026-08-02,45864.69,45864.69,PAID
INV00996,CUST0275,2026-07-14,2026-07-29,18636.91,18636.91,PAID
INV00997,CUST0079,2026-07-07,2026-07-22,24171.58,24171.58,PAID
INV00998,CUST0134,2026-07-22,2026-08-06,18857.41,18857.41,PAID
INV00999,CUST0191,2026-07-29,2026-08-13,54216.73,54216.73,PAID
INV01000,CUST0208,2026-07-31,2026-08-15,76967.56,76967.56,PAID
