settlement_id,payment_id,settlement_date,settled_amount,fees,tax,status
SET00001,PAY00001,2026-07-03,74284.27,1114.26,200.57,SETTLED
SET00002,PAY00002,2026-07-07,59254.0,888.81,159.99,SETTLED
SET00003,PAY00003,2026-08-11,3140.33,47.1,8.48,SETTLED
SET00004,PAY00004,2026-07-16,45196.3,677.94,122.03,SETTLED
SET00005,PAY00005,2026-07-24,28148.2,422.22,76.0,SETTLED
SET00006,PAY00006,2026-07-25,84825.69,1272.39,229.03,SETTLED
SET00007,PAY00007,2026-07-11,97325.02,1459.88,262.78,SETTLED
SET00008,PAY00008,2026-08-08,19632.71,294.49,53.01,SETTLED
SET00009,PAY00009,2026-07-17,86715.12,1300.73,234.13,SETTLED
SET00010,PAY00010,2026-07-27,35849.43,537.74,96.79,SETTLED
SET00011,PAY00011,2026-08-10,63680.34,955.21,171.94,SETTLED
SET00012,PAY00012,2026-07-17,68619.12,1029.29,185.27,SETTLED
SET00013,PAY00013,2026-07-20,7085.77,106.29,19.13,SETTLED
SET00014,PAY00014,2026-07-12,26855.58,402.83,72.51,SETTLED
SET00015,PAY00015,2026-07-31,89833.38,1347.5,242.55,SETTLED
SET00016,PAY00016,2026-07-09,75700.32,1135.5,204.39,SETTLED
SET00017,PAY00017,2026-08-11,6821.01,102.32,18.42,SETTLED
SET00018,PAY00018,2026-08-08,86147.58,1292.21,232.6,SETTLED
SET00019,PAY00019,2026-08-19,27049.11,405.74,73.03,SETTLED
SET00020,PAY00020,2026-07-02,95404.68,1431.07,257.59,SETTLED
SET00021,PAY00021,2026-08-13,51012.46,765.19,137.73,SETTLED
SET00022,PAY00022,2026-07-03,60094.99,901.42,162.26,SETTLED
SET00023,PAY00023,2026-07-05,24466.72,367.0,66.06,SETTLED
SET00024,PAY00024,2026-08-21,13013.17,195.2,35.14,SETTLED
SET00026,PAY00026,2026-08-17,31515.77,472.74,85.09,SETTLED
SET00027,PAY00027,2026-07-17,22857.39,342.86,61.71,SETTLED
SET00028,PAY00028,2026-07-03,7563.81,113.46,20.42,SETTLED
SET00029,PAY00029,2026-08-05,24181.46,362.72,65.29,SETTLED
SET00030,PAY00030,2026-08-07,47530.77,712.96,128.33,SETTLED
SET00031,PAY00031,2026-08-13,43389.59,650.84,117.15,SETTLED
SET00032,PAY00032,2026-07-05,40560.82,608.41,109.51,SETTLED
SET00033,PAY00033,2026-07-15,53860.43,807.91,145.42,SETTLED
SET00034,PAY00034,2026-07-06,44591.51,668.87,120.4,SETTLED
SET00035,PAY00035,2026-08-19,84945.23,1274.18,229.35,SETTLED
SET00036,PAY00036,2026-07-15,16881.39,253.22,45.58,SETTLED
SET00037,PAY00037,2026-08-15,95753.11,1436.3,258.53,SETTLED
SET00038,PAY00038,2026-08-08,73705.85,1105.59,199.01,SETTLED
SET00039,PAY00039,2026-08-01,50533.61,758.0,136.44,SETTLED
SET00040,PAY00040,2026-07-06,59705.99,895.59,161.21,SETTLED
SET00041,PAY00041,2026-08-11,4454.3,66.81,12.03,SETTLED
SET00042,PAY00042,2026-07-22,93503.27,1402.55,252.46,SETTLED
SET00043,PAY00043,2026-07-27,13522.39,202.84,36.51,SETTLED
SET00044,PAY00044,2026-08-12,99846.22,1497.69,269.58,SETTLED
SET00045,PAY00045,2026-07-11,92959.59,1400.39,252.07,SETTLED
SET00046,PAY00046,2026-08-17,30600.46,459.01,82.62,SETTLED
SET00047,PAY00047,2026-07-11,26814.36,402.22,72.4,SETTLED
SET00048,PAY00048,2026-08-10,21457.65,321.86,57.93,SETTLED
SET00049,PAY00049,2026-08-03,25486.56,382.3,68.81,SETTLED
SET00050,PAY00050,2026-07-02,33688.88,505.33,90.96,SETTLED
SET00051,PAY00051,2026-08-06,70713.91,1060.71,190.93,SETTLED
SET00052,PAY00052,2026-07-05,83542.2,1253.13,225.56,SETTLED
SET00053,PAY00053,2026-08-23,96659.42,1458.5,262.53,SETTLED
SET00054,PAY00054,2026-07-24,78121.57,1171.82,210.93,SETTLED
SET00055,PAY00055,2026-07-30,2966.24,44.49,8.01,SETTLED
SET00056,PAY00056,2026-07-20,16340.19,245.1,44.12,SETTLED
SET00057,PAY00057,2026-07-14,81750.37,1226.26,220.73,SETTLED
SET00058,PAY00058,2026-08-14,19716.41,295.75,53.23,SETTLED
SET00059,PAY00059,2026-08-13,51185.86,767.79,138.2,SETTLED
SET00060,PAY00060,2026-08-09,96272.16,1444.08,259.93,SETTLED
SET00061,PAY00061,2026-08-17,78749.6,1181.24,212.62,SETTLED
SET00062,PAY00062,2026-08-09,19412.84,291.19,52.41,SETTLED
SET00063,PAY00063,2026-08-16,72083.28,1081.25,194.62,SETTLED
SET00064,PAY00064,2026-08-12,31734.61,476.02,85.68,SETTLED
SET00065,PAY00065,2026-08-13,41135.09,617.03,111.07,SETTLED
SET00066,PAY00066,2026-07-30,66660.48,999.91,179.98,SETTLED
SET00067,PAY00067,2026-07-22,40904.48,613.57,110.44,SETTLED
SET00068,PAY00068,2026-08-09,65643.21,984.65,177.24,SETTLED
SET00069,PAY00069,2026-08-03,79476.67,1192.15,214.59,SETTLED
SET00070,PAY00070,2026-07-07,81933.13,1229.0,221.22,SETTLED
SET00071,PAY00071,2026-07-04,5098.26,76.47,13.76,SETTLED
SET00072,PAY00072,2026-08-11,57779.25,866.69,156.0,SETTLED
SET00073,PAY00073,2026-08-19,86113.84,1291.71,232.51,SETTLED
SET00075,PAY00075,2026-08-02,66923.98,1003.86,180.69,SETTLED
SET00076,PAY00076,2026-07-30,82186.5,1247.12,224.48,SETTLED
SET00077,PAY00077,2026-08-12,28092.48,421.39,75.85,SETTLED
SET00078,PAY00078,2026-08-16,28929.95,433.95,78.11,SETTLED
SET00079,PAY00079,2026-07-12,23510.52,352.66,63.48,SETTLED
SET00080,PAY00080,2026-07-24,54489.81,817.35,147.12,SETTLED
SET00081,PAY00081,2026-08-16,2443.43,36.65,6.6,SETTLED
SET00082,PAY00082,2026-07-29,54052.95,810.79,145.94,SETTLED
SET00083,PAY00083,2026-07-03,39191.29,587.87,105.82,SETTLED
SET00084,PAY00084,2026-07-03,90739.42,1361.09,245.0,SETTLED
SET00085,PAY00085,2026-07-14,5503.32,82.55,14.86,SETTLED
SET00086,PAY00086,2026-08-20,88024.18,1320.36,237.66,SETTLED
SET00087,PAY00087,2026-08-08,2428.64,36.43,6.56,SETTLED
SET00088,PAY00088,2026-08-21,3587.48,53.81,9.69,SETTLED
SET00089,PAY00089,2026-07-18,13058.99,195.88,35.26,SETTLED
SET00090,PAY00090,2026-08-21,37205.07,558.08,100.45,SETTLED
SET00091,PAY00091,2026-08-09,3055.0,45.82,8.25,SETTLED
SET00092,PAY00092,2026-07-08,59413.74,891.21,160.42,SETTLED
SET00093,PAY00093,2026-08-23,98392.51,1475.89,265.66,SETTLED
SET00094,PAY00094,2026-07-07,50843.1,762.65,137.28,SETTLED
SET00095,PAY00095,2026-07-29,96098.36,1441.48,259.47,SETTLED
SET00096,PAY00096,2026-08-14,27373.2,410.6,73.91,SETTLED
SET00097,PAY00097,2026-07-22,85245.46,1278.68,230.16,SETTLED
SET00098,PAY00098,2026-08-08,61228.0,918.42,165.32,SETTLED
SET00099,PAY00099,2026-08-04,21605.93,324.09,58.34,SETTLED
SET00100,PAY00100,2026-08-07,1510.04,22.65,4.08,SETTLED
SET00101,PAY00101,2026-08-07,75937.38,1139.06,205.03,SETTLED
SET00102,PAY00102,2026-07-09,29776.44,446.65,80.4,SETTLED
SET00103,PAY00103,2026-07-27,47589.42,713.84,128.49,SETTLED
SET00104,PAY00104,2026-07-24,70434.07,1056.51,190.17,SETTLED
SET00105,PAY00105,2026-07-23,12395.7,185.94,33.47,SETTLED
SET00106,PAY00106,2026-08-26,59163.9,887.46,159.74,SETTLED
SET00107,PAY00107,2026-07-15,30575.63,458.63,82.55,SETTLED
SET00108,PAY00108,2026-08-17,94436.92,1416.55,254.98,SETTLED
SET00109,PAY00109,2026-08-02,48132.06,721.98,129.96,SETTLED
SET00110,PAY00110,2026-07-11,82300.51,1234.51,222.21,SETTLED
SET00111,PAY00111,2026-07-11,15345.16,230.18,41.43,SETTLED
SET00112,PAY00112,2026-08-20,41909.32,628.64,113.16,SETTLED
SET00113,PAY00113,2026-07-21,86086.58,1291.3,232.43,SETTLED
SET00114,PAY00114,2026-08-19,21174.9,317.62,57.17,SETTLED
SET00115,PAY00115,2026-07-15,55423.23,831.35,149.64,SETTLED
SET00116,PAY00116,2026-07-21,3747.67,56.22,10.12,SETTLED
SET00117,PAY00117,2026-08-16,23725.67,355.89,64.06,SETTLED
SET00118,PAY00118,2026-07-29,11920.24,178.8,32.18,SETTLED
SET00119,PAY00119,2026-07-06,17009.32,255.14,45.93,SETTLED
SET00120,PAY00120,2026-07-11,47135.45,707.03,127.27,SETTLED
SET00121,PAY00121,2026-08-03,42809.95,660.86,118.95,SETTLED
SET00122,PAY00122,2026-07-13,23277.98,349.17,62.85,SETTLED
SET00124,PAY00124,2026-08-12,81517.37,1222.76,220.1,SETTLED
SET00125,PAY00125,2026-08-14,10907.69,163.62,29.45,SETTLED
SET00126,PAY00126,2026-08-14,94546.76,1418.2,255.28,SETTLED
SET00127,PAY00127,2026-07-11,95281.58,1455.5,261.99,SETTLED
SET00128,PAY00128,2026-07-30,5893.31,88.4,15.91,SETTLED
SET00129,PAY00129,2026-08-20,5635.37,84.53,15.22,SETTLED
SET00130,PAY00130,2026-07-11,3372.51,50.59,9.11,SETTLED
SET00131,PAY00131,2026-08-13,41095.07,616.43,110.96,SETTLED
SET00132,PAY00132,2026-08-03,93298.98,1399.48,251.91,SETTLED
SET00133,PAY00133,2026-08-03,24751.23,371.27,66.83,SETTLED
SET00134,PAY00134,2026-07-07,27986.62,419.8,75.56,SETTLED
SET00135,PAY00135,2026-07-22,71721.82,1091.13,196.4,SETTLED
SET00136,PAY00136,2026-08-06,76405.83,1146.09,206.3,SETTLED
SET00137,PAY00137,2026-08-08,38605.6,579.08,104.23,SETTLED
SET00138,PAY00138,2026-07-26,98847.19,1482.71,266.89,SETTLED
SET00139,PAY00139,2026-08-08,32434.16,503.0,90.54,SETTLED
SET00140,PAY00140,2026-07-02,71391.13,1085.75,195.44,SETTLED
SET00141,PAY00141,2026-07-25,62514.31,937.71,168.79,SETTLED
SET00142,PAY00142,2026-07-28,95206.89,1431.55,257.68,SETTLED
SET00143,PAY00143,2026-07-16,74803.25,1122.05,201.97,SETTLED
SET00144,PAY00144,2026-07-13,69553.12,1043.3,187.79,SETTLED
SET00145,PAY00145,2026-07-27,43353.34,650.3,117.05,SETTLED
SET00146,PAY00146,2026-07-13,17919.4,268.79,48.38,SETTLED
SET00147,PAY00147,2026-07-11,23602.75,354.04,63.73,SETTLED
SET00148,PAY00148,2026-07-22,67922.28,1018.83,183.39,SETTLED
SET00149,PAY00149,2026-08-11,96221.89,1443.33,259.8,SETTLED
SET00150,PAY00150,2026-08-02,11112.0,166.68,30.0,SETTLED
SET00151,PAY00151,2026-07-05,97805.48,1467.08,264.07,SETTLED
SET00152,PAY00152,2026-08-11,74644.63,1119.67,201.54,SETTLED
SET00153,PAY00153,2026-07-18,63843.48,957.65,172.38,SETTLED
SET00154,PAY00154,2026-08-11,10167.81,152.52,27.45,SETTLED
SET00156,PAY00156,2026-07-13,20479.08,307.19,55.29,SETTLED
SET00157,PAY00157,2026-08-01,96754.72,1451.32,261.24,SETTLED
SET00158,PAY00158,2026-07-08,12543.43,217.58,39.16,SETTLED
SET00159,PAY00159,2026-07-25,9485.14,142.28,25.61,SETTLED
SET00160,PAY00160,2026-07-26,67446.42,1011.7,182.11,SETTLED
SET00161,PAY00161,2026-08-15,23765.28,356.48,64.17,SETTLED
SET00163,PAY00163,2026-07-09,14407.81,216.12,38.9,SETTLED
SET00164,PAY00164,2026-07-19,88782.3,1331.73,239.71,SETTLED
SET00165,PAY00165,2026-07-28,57256.34,884.11,159.14,SETTLED
SET00166,PAY00166,2026-07-19,3755.27,56.33,10.14,SETTLED
SET00167,PAY00167,2026-07-09,98102.31,1471.53,264.88,SETTLED
SET00168,PAY00168,2026-07-27,27950.2,419.25,75.47,SETTLED
SET00169,PAY00169,2026-08-12,64129.55,961.94,173.15,SETTLED
SET00170,PAY00170,2026-08-21,56675.51,850.13,153.02,SETTLED
SET00171,PAY00171,2026-07-16,33191.68,497.88,89.62,SETTLED
SET00172,PAY00172,2026-07-13,98758.97,1481.38,266.65,SETTLED
SET00173,PAY00173,2026-07-10,1978.6,29.68,5.34,SETTLED
SET00174,PAY00174,2026-07-05,13112.48,196.69,35.4,SETTLED
SET00175,PAY00175,2026-08-01,77912.7,1168.69,210.36,SETTLED
SET00176,PAY00176,2026-08-17,78431.09,1176.47,211.76,SETTLED
SET00177,PAY00177,2026-07-27,42914.23,643.71,115.87,SETTLED
SET00178,PAY00178,2026-07-24,61025.59,915.38,164.77,SETTLED
SET00179,PAY00179,2026-08-19,71359.2,1070.39,192.67,SETTLED
SET00180,PAY00180,2026-08-11,41835.23,649.57,116.92,SETTLED
SET00181,PAY00181,2026-07-30,45429.71,681.45,122.66,SETTLED
SET00182,PAY00182,2026-08-18,9961.04,149.42,26.9,SETTLED
SET00183,PAY00183,2026-08-14,92337.01,1385.06,249.31,SETTLED
SET00184,PAY00184,2026-07-08,74586.6,1118.8,201.38,SETTLED
SET00185,PAY00185,2026-08-07,33299.78,499.5,89.91,SETTLED
SET00186,PAY00186,2026-07-20,60240.8,903.61,162.65,SETTLED
SET00187,PAY00187,2026-08-14,48477.84,727.17,130.89,SETTLED
SET00188,PAY00188,2026-08-21,28217.54,423.26,76.19,SETTLED
SET00189,PAY00189,2026-07-05,61094.99,916.42,164.96,SETTLED
SET00190,PAY00190,2026-07-25,34565.34,531.4,95.65,SETTLED
SET00191,PAY00191,2026-08-18,63500.62,952.51,171.45,SETTLED
SET00192,PAY00192,2026-07-29,45637.76,684.57,123.22,SETTLED
SET00193,PAY00193,2026-08-09,8953.23,134.3,24.17,SETTLED
SET00194,PAY00194,2026-07-20,44589.74,668.85,120.39,SETTLED
SET00195,PAY00195,2026-07-16,75616.84,1134.25,204.16,SETTLED
SET00196,PAY00196,2026-08-04,66879.69,1003.2,180.58,SETTLED
SET00197,PAY00197,2026-07-16,30491.23,457.37,82.33,SETTLED
SET00198,PAY00198,2026-07-11,1269.13,19.04,3.43,SETTLED
SET00199,PAY00199,2026-08-03,56092.99,841.39,151.45,SETTLED
SET00200,PAY00200,2026-07-04,45056.09,693.68,124.86,SETTLED
SET00201,PAY00201,2026-07-21,11959.75,179.4,32.29,SETTLED
SET00202,PAY00202,2026-07-08,43952.82,659.29,118.67,SETTLED
SET00203,PAY00203,2026-07-08,39878.79,598.18,107.67,SETTLED
SET00204,PAY00204,2026-07-07,51293.09,769.4,138.49,SETTLED
SET00205,PAY00205,2026-08-18,95843.22,1437.65,258.78,SETTLED
SET00206,PAY00206,2026-07-14,60438.7,906.58,163.18,SETTLED
SET00207,PAY00207,2026-08-21,56591.68,848.88,152.8,SETTLED
SET00208,PAY00208,2026-08-13,31955.82,479.34,86.28,SETTLED
SET00209,PAY00209,2026-08-22,27830.03,417.45,75.14,SETTLED
SET00210,PAY00210,2026-08-01,4241.92,63.63,11.45,SETTLED
SET00211,PAY00211,2026-08-12,59610.94,894.16,160.95,SETTLED
SET00212,PAY00212,2026-08-01,90950.47,1364.26,245.57,SETTLED
SET00213,PAY00213,2026-07-13,45327.05,679.91,122.38,SETTLED
SET00214,PAY00214,2026-07-17,70908.36,1063.63,191.45,SETTLED
SET00215,PAY00215,2026-07-27,91834.71,1377.52,247.95,SETTLED
SET00216,PAY00216,2026-08-23,63273.21,949.1,170.84,SETTLED
SET00217,PAY00217,2026-07-22,25573.58,383.6,69.05,SETTLED
SET00218,PAY00218,2026-07-24,31368.06,470.52,84.69,SETTLED
SET00219,PAY00219,2026-08-08,37979.59,569.69,102.54,SETTLED
SET00220,PAY00220,2026-07-08,64779.47,971.69,174.9,SETTLED
SET00221,PAY00221,2026-07-13,95141.35,1427.12,256.88,SETTLED
SET00222,PAY00222,2026-07-12,15917.04,238.76,42.98,SETTLED
SET00223,PAY00223,2026-08-18,88426.38,1326.4,238.75,SETTLED
SET00224,PAY00224,2026-07-12,16643.6,249.65,44.94,SETTLED
SET00225,PAY00225,2026-08-15,72098.77,1081.48,194.67,SETTLED
SET00227,PAY00227,2026-08-01,46437.16,696.56,125.38,SETTLED
SET00228,PAY00228,2026-07-14,80767.56,1226.71,220.81,SETTLED
SET00229,PAY00229,2026-08-07,93462.21,1401.93,252.35,SETTLED
SET00230,PAY00230,2026-08-04,15161.19,227.42,40.94,SETTLED
SET00231,PAY00231,2026-07-04,41782.24,626.73,112.81,SETTLED
SET00232,PAY00232,2026-07-27,22841.61,342.62,61.67,SETTLED
SET00233,PAY00233,2026-08-23,15031.91,225.48,40.59,SETTLED
SET00234,PAY00234,2026-08-19,70700.85,1060.51,190.89,SETTLED
SET00235,PAY00235,2026-07-15,83578.83,1253.68,225.66,SETTLED
SET00236,PAY00236,2026-07-10,5251.07,78.77,14.18,SETTLED
SET00237,PAY00237,2026-07-11,83750.43,1256.26,226.13,SETTLED
SET00238,PAY00238,2026-08-09,24572.84,368.59,66.35,SETTLED
SET00239,PAY00239,2026-07-19,57281.04,859.22,154.66,SETTLED
SET00240,PAY00240,2026-07-06,95363.67,1430.46,257.48,SETTLED
SET00241,PAY00241,2026-07-26,25738.2,386.07,69.49,SETTLED
SET00242,PAY00242,2026-08-18,65881.89,988.23,177.88,SETTLED
SET00243,PAY00243,2026-07-06,35553.76,533.31,96.0,SETTLED
SET00244,PAY00244,2026-08-17,48113.85,721.71,129.91,SETTLED
SET00245,PAY00245,2026-07-05,29697.54,445.46,80.18,SETTLED
SET00246,PAY00246,2026-08-03,40123.29,601.85,108.33,SETTLED
SET00247,PAY00247,2026-07-25,85946.28,1294.24,232.96,SETTLED
SET00248,PAY00248,2026-07-30,87053.84,1335.06,240.31,SETTLED
SET00249,PAY00249,2026-08-16,50003.58,750.05,135.01,SETTLED
SET00250,PAY00250,2026-07-29,60444.1,906.66,163.2,SETTLED
SET00251,PAY00251,2026-07-23,66261.46,993.92,178.91,SETTLED
SET00252,PAY00252,2026-08-17,44668.88,670.03,120.61,SETTLED
SET00253,PAY00253,2026-07-20,64127.2,961.91,173.14,SETTLED
SET00254,PAY00254,2026-08-05,80209.05,1203.14,216.57,SETTLED
SET00255,PAY00255,2026-07-05,13059.89,195.9,35.26,SETTLED
SET00256,PAY00256,2026-08-08,3722.34,55.84,10.05,SETTLED
SET00257,PAY00257,2026-08-20,8150.1,122.25,22.0,SETTLED
SET00258,PAY00258,2026-07-19,96071.75,1441.08,259.39,SETTLED
SET00259,PAY00259,2026-08-08,12217.22,183.26,32.99,SETTLED
SET00260,PAY00260,2026-08-15,91689.65,1375.34,247.56,SETTLED
SET00261,PAY00261,2026-07-24,89918.56,1348.78,242.78,SETTLED
SET00262,PAY00262,2026-08-08,52584.13,816.69,147.0,SETTLED
SET00263,PAY00263,2026-08-21,36468.47,547.03,98.47,SETTLED
SET00264,PAY00264,2026-08-22,49655.18,744.83,134.07,SETTLED
SET00265,PAY00265,2026-07-12,61388.86,920.83,165.75,SETTLED
SET00266,PAY00266,2026-08-04,41374.11,620.61,111.71,SETTLED
SET00267,PAY00267,2026-08-12,7879.42,118.19,21.27,SETTLED
SET00268,PAY00268,2026-08-11,58984.71,884.77,159.26,SETTLED
SET00269,PAY00269,2026-07-11,30760.39,461.41,83.05,SETTLED
SET00270,PAY00270,2026-08-06,89545.13,1343.18,241.77,SETTLED
SET00271,PAY00271,2026-07-12,62689.72,940.35,169.26,SETTLED
SET00272,PAY00272,2026-07-11,17534.46,263.02,47.34,SETTLED
SET00273,PAY00273,2026-07-08,5023.45,75.35,13.56,SETTLED
SET00274,PAY00274,2026-08-03,88955.19,1334.33,240.18,SETTLED
SET00275,PAY00275,2026-08-14,40906.21,613.59,110.45,SETTLED
SET00276,PAY00276,2026-07-29,48682.99,730.24,131.44,SETTLED
SET00277,PAY00277,2026-08-19,98808.33,1482.12,266.78,SETTLED
SET00278,PAY00278,2026-07-08,32252.03,483.78,87.08,SETTLED
SET00279,PAY00279,2026-07-08,3606.13,83.03,14.95,SETTLED
SET00280,PAY00280,2026-07-23,93408.28,1401.12,252.2,SETTLED
SET00281,PAY00281,2026-08-01,50126.59,751.9,135.34,SETTLED
SET00282,PAY00282,2026-07-31,96685.32,1450.28,261.05,SETTLED
SET00283,PAY00283,2026-08-02,59953.12,899.3,161.87,SETTLED
SET00284,PAY00284,2026-07-10,88304.35,1324.57,238.42,SETTLED
SET00285,PAY00285,2026-07-05,57243.02,858.65,154.56,SETTLED
SET00286,PAY00286,2026-08-05,45310.26,679.65,122.34,SETTLED
SET00287,PAY00287,2026-07-12,97520.74,1462.81,263.31,SETTLED
SET00288,PAY00288,2026-08-19,14854.6,222.82,40.11,SETTLED
SET00289,PAY00289,2026-08-18,33637.55,504.56,90.82,SETTLED
SET00290,PAY00290,2026-07-12,33132.6,496.99,89.46,SETTLED
SET00291,PAY00291,2026-08-09,33969.16,509.54,91.72,SETTLED
SET00292,PAY00292,2026-07-27,33458.34,501.88,90.34,SETTLED
SET00293,PAY00293,2026-08-10,47721.73,715.83,128.85,SETTLED
SET00294,PAY00294,2026-08-04,63088.01,946.32,170.34,SETTLED
SET00295,PAY00295,2026-08-08,94846.41,1422.7,256.09,SETTLED
SET00296,PAY00296,2026-07-12,41589.53,623.84,112.29,SETTLED
SET00297,PAY00297,2026-08-17,14239.21,213.59,38.45,SETTLED
SET00298,PAY00298,2026-07-27,31718.38,475.78,85.64,SETTLED
SET00299,PAY00299,2026-07-24,67748.92,1016.23,182.92,SETTLED
SET00300,PAY00300,2026-08-06,30200.67,453.01,81.54,SETTLED
SET00301,PAY00301,2026-07-24,48240.44,723.61,130.25,SETTLED
SET00302,PAY00302,2026-07-27,89628.17,1344.42,242.0,SETTLED
SET00303,PAY00303,2026-07-22,95553.71,1433.31,258.0,SETTLED
SET00304,PAY00304,2026-08-20,48168.39,722.53,130.06,SETTLED
SET00305,PAY00305,2026-07-12,11368.04,170.52,30.69,SETTLED
SET00306,PAY00306,2026-08-12,23667.24,355.01,63.9,SETTLED
SET00307,PAY00307,2026-08-15,77191.22,1157.87,208.42,SETTLED
SET00308,PAY00308,2026-08-01,65228.6,978.43,176.12,SETTLED
SET00310,PAY00310,2026-07-06,99718.59,1495.78,269.24,SETTLED
SET00312,PAY00312,2026-08-14,53569.16,818.38,147.31,SETTLED
SET00313,PAY00313,2026-07-09,33403.07,501.05,90.19,SETTLED
SET00314,PAY00314,2026-08-18,34042.66,510.64,91.92,SETTLED
SET00315,PAY00315,2026-07-29,51770.43,776.56,139.78,SETTLED
SET00316,PAY00316,2026-08-01,32698.37,490.48,88.29,SETTLED
SET00317,PAY00317,2026-08-21,27065.94,405.99,73.08,SETTLED
SET00318,PAY00318,2026-07-19,65541.5,983.12,176.96,SETTLED
SET00319,PAY00319,2026-07-13,40838.95,612.58,110.26,SETTLED
SET00320,PAY00320,2026-08-12,22474.5,337.12,60.68,SETTLED
SET00321,PAY00321,2026-07-28,70343.1,1055.15,189.93,SETTLED
SET00322,PAY00322,2026-08-16,75596.59,1133.95,204.11,SETTLED
SET00323,PAY00323,2026-07-08,91765.85,1376.49,247.77,SETTLED
SET00324,PAY00324,2026-08-08,53897.69,808.47,145.52,SETTLED
SET00325,PAY00325,2026-08-15,20937.45,314.06,56.53,SETTLED
SET00326,PAY00326,2026-08-02,13628.46,204.43,36.8,SETTLED
SET00327,PAY00327,2026-08-16,80788.08,1211.82,218.13,SETTLED
SET00328,PAY00328,2026-08-10,7766.44,116.5,20.97,SETTLED
SET00329,PAY00329,2026-07-06,98620.66,1479.31,266.28,SETTLED
SET00330,PAY00330,2026-08-21,64331.74,964.98,173.7,SETTLED
SET00331,PAY00331,2026-07-26,8484.87,127.27,22.91,SETTLED
SET00332,PAY00332,2026-08-05,39609.33,594.14,106.95,SETTLED
SET00333,PAY00333,2026-07-21,46568.89,698.53,125.74,SETTLED
SET00334,PAY00334,2026-07-24,15934.58,239.02,43.02,SETTLED
SET00335,PAY00335,2026-08-13,42214.44,633.22,113.98,SETTLED
SET00336,PAY00336,2026-07-31,59979.6,899.69,161.94,SETTLED
SET00337,PAY00337,2026-07-16,54206.1,813.09,146.36,SETTLED
SET00338,PAY00338,2026-07-24,57958.74,869.38,156.49,SETTLED
SET00339,PAY00339,2026-07-18,41649.24,624.74,112.45,SETTLED
SET00340,PAY00340,2026-08-13,68035.64,1020.53,183.7,SETTLED
SET00341,PAY00341,2026-08-22,52684.07,790.26,142.25,SETTLED
SET00342,PAY00342,2026-08-21,54023.86,810.36,145.86,SETTLED
SET00343,PAY00343,2026-08-01,91516.75,1372.75,247.09,SETTLED
SET00345,PAY00345,2026-08-19,83025.93,1245.39,224.17,SETTLED
SET00346,PAY00346,2026-07-07,19222.25,288.33,51.9,SETTLED
SET00347,PAY00347,2026-07-15,93747.4,1406.21,253.12,SETTLED
SET00348,PAY00348,2026-07-28,91555.08,1373.33,247.2,SETTLED
SET00349,PAY00349,2026-08-13,36246.33,543.69,97.86,SETTLED
SET00351,PAY00351,2026-07-05,56471.21,847.07,152.47,SETTLED
SET00352,PAY00352,2026-08-09,58124.72,871.87,156.94,SETTLED
SET00353,PAY00353,2026-07-28,57194.06,857.91,154.42,SETTLED
SET00354,PAY00354,2026-07-19,76454.38,1146.82,206.43,SETTLED
SET00355,PAY00355,2026-08-18,79600.06,1194.0,214.92,SETTLED
SET00356,PAY00356,2026-08-07,99037.19,1485.56,267.4,SETTLED
SET00357,PAY00357,2026-08-19,1135.19,17.03,3.07,SETTLED
SET00358,PAY00358,2026-07-04,22262.61,333.94,60.11,SETTLED
SET00359,PAY00359,2026-08-13,49041.51,735.62,132.41,SETTLED
SET00360,PAY00360,2026-08-06,72358.18,1085.37,195.37,SETTLED
SET00361,PAY00361,2026-07-13,11148.13,167.22,30.1,SETTLED
SET00362,PAY00362,2026-07-19,81613.83,1224.21,220.36,SETTLED
SET00363,PAY00363,2026-08-02,56717.72,850.77,153.14,SETTLED
SET00364,PAY00364,2026-07-09,40825.19,612.38,110.23,SETTLED
SET00365,PAY00365,2026-08-16,17552.67,263.29,47.39,SETTLED
SET00366,PAY00366,2026-07-10,89531.73,1342.98,241.74,SETTLED
SET00367,PAY00367,2026-07-21,5132.92,76.99,13.86,SETTLED
SET00368,PAY00368,2026-08-15,3773.73,56.61,10.19,SETTLED
SET00370,PAY00370,2026-07-18,56886.24,853.29,153.59,SETTLED
SET00371,PAY00371,2026-08-19,74104.64,1111.57,200.08,SETTLED
SET00372,PAY00372,2026-07-31,23598.33,353.97,63.71,SETTLED
SET00373,PAY00373,2026-08-21,32974.48,494.62,89.03,SETTLED
SET00374,PAY00374,2026-07-26,55527.25,832.91,149.92,SETTLED
SET00375,PAY00375,2026-07-07,77330.66,1159.96,208.79,SETTLED
SET00376,PAY00376,2026-07-20,15844.99,237.67,42.78,SETTLED
SET00377,PAY00377,2026-07-07,1016.92,15.25,2.75,SETTLED
SET00378,PAY00378,2026-07-08,19145.48,287.18,51.69,SETTLED
SET00379,PAY00379,2026-07-04,9417.07,141.26,25.43,SETTLED
SET00380,PAY00380,2026-07-20,41674.1,625.11,112.52,SETTLED
SET00381,PAY00381,2026-08-05,17373.5,260.6,46.91,SETTLED
SET00382,PAY00382,2026-08-03,15020.51,225.31,40.56,SETTLED
SET00383,PAY00383,2026-08-23,8153.68,122.31,22.02,SETTLED
SET00384,PAY00384,2026-08-09,61858.54,927.88,167.02,SETTLED
SET00385,PAY00385,2026-07-24,84240.53,1263.61,227.45,SETTLED
SET00386,PAY00386,2026-07-31,81639.81,1224.6,220.43,SETTLED
SET00387,PAY00387,2026-08-03,31761.24,476.42,85.76,SETTLED
SET00388,PAY00388,2026-08-08,78306.45,1174.6,211.43,SETTLED
SET00389,PAY00389,2026-08-07,20380.1,305.7,55.03,SETTLED
SET00390,PAY00390,2026-08-17,21360.02,320.4,57.67,SETTLED
SET00391,PAY00391,2026-07-12,63516.94,952.75,171.5,SETTLED
SET00392,PAY00392,2026-09-02,38010.59,570.16,102.63,SETTLED
SET00393,PAY00393,2026-08-05,92387.83,1385.82,249.45,SETTLED
SET00394,PAY00394,2026-08-11,63998.95,959.98,172.8,SETTLED
SET00395,PAY00395,2026-07-14,64876.48,973.15,175.17,SETTLED
SET00396,PAY00396,2026-08-20,33493.87,502.41,90.43,SETTLED
SET00397,PAY00397,2026-08-04,74811.88,1122.18,201.99,SETTLED
SET00398,PAY00398,2026-07-12,34824.26,522.36,94.02,SETTLED
SET00399,PAY00399,2026-07-10,83216.12,1248.24,224.68,SETTLED
SET00400,PAY00400,2026-08-06,48551.14,728.27,131.09,SETTLED
SET00401,PAY00401,2026-07-22,7183.85,107.76,19.4,SETTLED
SET00403,PAY00403,2026-07-13,55415.07,831.23,149.62,SETTLED
SET00404,PAY00404,2026-08-13,18852.95,282.79,50.9,SETTLED
SET00405,PAY00405,2026-07-30,59424.21,891.36,160.44,SETTLED
SET00406,PAY00406,2026-08-19,70524.09,1057.86,190.41,SETTLED
SET00407,PAY00407,2026-07-24,20108.89,301.63,54.29,SETTLED
SET00408,PAY00408,2026-08-10,39169.61,587.54,105.76,SETTLED
SET00410,PAY00410,2026-07-24,12227.23,183.41,33.01,SETTLED
SET00411,PAY00411,2026-08-03,39152.1,587.28,105.71,SETTLED
SET00412,PAY00412,2026-08-12,53969.24,809.54,145.72,SETTLED
SET00413,PAY00413,2026-07-13,31800.71,477.01,85.86,SETTLED
SET00414,PAY00414,2026-07-11,19915.28,298.73,53.77,SETTLED
SET00415,PAY00415,2026-07-30,71159.17,1067.39,192.13,SETTLED
SET00416,PAY00416,2026-08-23,76225.13,1143.38,205.81,SETTLED
SET00417,PAY00417,2026-07-14,78183.65,1172.75,211.09,SETTLED
SET00418,PAY00418,2026-07-21,77623.75,1164.36,209.58,SETTLED
SET00419,PAY00419,2026-08-05,22244.92,333.67,60.06,SETTLED
SET00420,PAY00420,2026-07-05,43504.32,678.73,122.17,SETTLED
SET00421,PAY00421,2026-08-22,81282.95,1219.24,219.46,SETTLED
SET00422,PAY00422,2026-08-16,61221.05,918.32,165.3,SETTLED
SET00423,PAY00423,2026-07-06,57222.4,858.34,154.5,SETTLED
SET00424,PAY00424,2026-07-20,57487.19,862.31,155.22,SETTLED
SET00425,PAY00425,2026-08-13,13125.37,196.88,35.44,SETTLED
SET00426,PAY00426,2026-08-21,84433.79,1266.51,227.97,SETTLED
SET00427,PAY00427,2026-08-12,41715.4,625.73,112.63,SETTLED
SET00428,PAY00428,2026-08-19,28183.46,422.75,76.09,SETTLED
SET00429,PAY00429,2026-07-04,86956.32,1304.34,234.78,SETTLED
SET00430,PAY00430,2026-07-06,79669.95,1195.05,215.11,SETTLED
SET00431,PAY00431,2026-07-19,32625.08,489.38,88.09,SETTLED
SET00432,PAY00432,2026-08-03,78936.21,1184.04,213.13,SETTLED
SET00433,PAY00433,2026-07-10,92978.57,1394.68,251.04,SETTLED
SET00434,PAY00434,2026-08-15,90986.02,1364.79,245.66,SETTLED
SET00435,PAY00435,2026-07-19,8700.84,130.51,23.49,SETTLED
SET00436,PAY00436,2026-07-29,65720.78,985.81,177.45,SETTLED
SET00437,PAY00437,2026-08-09,23005.99,345.09,62.12,SETTLED
SET00438,PAY00438,2026-07-29,69556.08,1043.34,187.8,SETTLED
SET00439,PAY00439,2026-07-10,31678.47,475.18,85.53,SETTLED
SET00440,PAY00440,2026-07-07,53285.57,799.28,143.87,SETTLED
SET00442,PAY00442,2026-07-17,9125.46,136.88,24.64,SETTLED
SET00443,PAY00443,2026-07-25,96343.25,1445.15,260.13,SETTLED
SET00444,PAY00444,2026-07-17,55562.96,833.44,150.02,SETTLED
SET00445,PAY00445,2026-07-17,52016.04,780.24,140.44,SETTLED
SET00446,PAY00446,2026-08-21,89842.3,1347.63,242.57,SETTLED
SET00447,PAY00447,2026-08-23,59596.01,893.94,160.91,SETTLED
SET00448,PAY00448,2026-07-28,36858.54,552.88,99.52,SETTLED
SET00450,PAY00450,2026-08-11,71406.59,1071.1,192.8,SETTLED
SET00451,PAY00451,2026-08-07,61796.68,926.95,166.85,SETTLED
SET00452,PAY00452,2026-07-13,53870.82,808.06,145.45,SETTLED
SET00453,PAY00453,2026-07-22,70018.25,1050.27,189.05,SETTLED
SET00454,PAY00454,2026-08-02,61423.53,921.35,165.84,SETTLED
SET00455,PAY00455,2026-07-10,1760.16,26.4,4.75,SETTLED
SET00456,PAY00456,2026-08-06,51963.67,779.46,140.3,SETTLED
SET00457,PAY00457,2026-08-18,88698.27,1330.47,239.48,SETTLED
SET00458,PAY00458,2026-07-07,26663.49,399.95,71.99,SETTLED
SET00459,PAY00459,2026-08-02,86006.3,1290.09,232.22,SETTLED
SET00460,PAY00460,2026-08-14,72416.45,1086.25,195.53,SETTLED
SET00461,PAY00461,2026-07-17,5075.16,76.13,13.7,SETTLED
SET00462,PAY00462,2026-08-07,80409.99,1206.15,217.11,SETTLED
SET00463,PAY00463,2026-07-19,82686.7,1240.3,223.25,SETTLED
SET00464,PAY00464,2026-07-17,80531.63,1207.97,217.43,SETTLED
SET00465,PAY00465,2026-07-23,9095.36,136.43,24.56,SETTLED
SET00466,PAY00466,2026-08-22,30738.98,461.08,82.99,SETTLED
SET00467,PAY00467,2026-08-17,90094.11,1351.41,243.25,SETTLED
SET00468,PAY00468,2026-08-06,34969.16,524.54,94.42,SETTLED
SET00469,PAY00469,2026-07-08,20916.84,313.75,56.48,SETTLED
SET00470,PAY00470,2026-07-08,3436.47,73.02,13.14,SETTLED
SET00471,PAY00471,2026-07-31,97468.2,1462.02,263.16,SETTLED
SET00472,PAY00472,2026-07-06,59393.63,890.9,160.36,SETTLED
SET00473,PAY00473,2026-07-19,85165.91,1277.49,229.95,SETTLED
SET00474,PAY00474,2026-08-01,27559.61,413.39,74.41,SETTLED
SET00475,PAY00475,2026-07-11,11012.95,165.19,29.73,SETTLED
SET00476,PAY00476,2026-07-25,96481.15,1447.22,260.5,SETTLED
SET00477,PAY00477,2026-07-09,16182.73,242.74,43.69,SETTLED
SET00478,PAY00478,2026-07-15,83674.51,1255.12,225.92,SETTLED
SET00479,PAY00479,2026-07-27,51589.24,773.84,139.29,SETTLED
SET00480,PAY00480,2026-07-30,55817.4,837.26,150.71,SETTLED
SET00481,PAY00481,2026-07-03,6636.08,99.54,17.92,SETTLED
SET00482,PAY00482,2026-08-08,58818.82,882.28,158.81,SETTLED
SET00483,PAY00483,2026-07-10,9651.87,144.78,26.06,SETTLED
SET00484,PAY00484,2026-08-09,43599.06,653.99,117.72,SETTLED
SET00485,PAY00485,2026-07-13,35717.35,535.76,96.44,SETTLED
SET00486,PAY00486,2026-08-11,62108.07,931.62,167.69,SETTLED
SET00487,PAY00487,2026-08-01,6567.42,98.51,17.73,SETTLED
SET00488,PAY00488,2026-07-30,63260.06,948.9,170.8,SETTLED
SET00489,PAY00489,2026-08-21,48725.61,730.88,131.56,SETTLED
SET00490,PAY00490,2026-08-11,22292.51,334.39,60.19,SETTLED
SET00491,PAY00491,2026-08-20,58606.9,879.1,158.24,SETTLED
SET00492,PAY00492,2026-08-07,81720.37,1225.81,220.65,SETTLED
SET00493,PAY00493,2026-07-25,93553.0,1403.29,252.59,SETTLED
SET00494,PAY00494,2026-08-08,3306.55,49.6,8.93,SETTLED
SET00495,PAY00495,2026-07-15,83751.34,1256.27,226.13,SETTLED
SET00496,PAY00496,2026-07-07,6088.71,91.33,16.44,SETTLED
SET00497,PAY00497,2026-08-11,20545.71,308.19,55.47,SETTLED
SET00498,PAY00498,2026-07-04,15197.35,227.96,41.03,SETTLED
SET00499,PAY00499,2026-07-26,70601.53,1059.02,190.62,SETTLED
SET00500,PAY00500,2026-07-12,97598.14,1463.97,263.51,SETTLED
SET00501,PAY00501,2026-07-13,70864.7,1062.97,191.33,SETTLED
SET00502,PAY00502,2026-07-21,73532.5,1102.99,198.54,SETTLED
SET00503,PAY00503,2026-07-29,85150.32,1277.25,229.91,SETTLED
SET00504,PAY00504,2026-08-11,56772.25,851.58,153.28,SETTLED
SET00505,PAY00505,2026-07-26,98246.78,1473.7,265.27,SETTLED
SET00506,PAY00506,2026-07-31,1633.86,24.51,4.41,SETTLED
SET00507,PAY00507,2026-08-23,11249.44,168.74,30.37,SETTLED
SET00508,PAY00508,2026-07-14,87699.76,1327.69,238.98,SETTLED
SET00509,PAY00509,2026-08-21,86473.05,1297.1,233.48,SETTLED
SET00510,PAY00510,2026-07-04,32212.33,483.18,86.97,SETTLED
SET00511,PAY00511,2026-08-18,7962.74,119.44,21.5,SETTLED
SET00512,PAY00512,2026-07-29,94273.0,1414.1,254.54,SETTLED
SET00513,PAY00513,2026-07-10,33443.91,501.66,90.3,SETTLED
SET00514,PAY00514,2026-07-19,66229.49,993.44,178.82,SETTLED
SET00515,PAY00515,2026-08-07,84065.52,1260.98,226.98,SETTLED
SET00516,PAY00516,2026-07-20,82477.78,1237.17,222.69,SETTLED
SET00517,PAY00517,2026-08-12,29535.24,443.03,79.75,SETTLED
SET00518,PAY00518,2026-08-02,49165.13,737.48,132.75,SETTLED
SET00519,PAY00519,2026-07-26,88606.52,1329.1,239.24,SETTLED
SET00520,PAY00520,2026-08-02,26708.38,400.63,72.11,SETTLED
SET00521,PAY00521,2026-07-07,66980.05,1004.7,180.85,SETTLED
SET00522,PAY00522,2026-08-05,42153.89,632.31,113.82,SETTLED
SET00523,PAY00523,2026-07-09,39783.03,596.75,107.41,SETTLED
SET00524,PAY00524,2026-07-09,94950.85,1424.26,256.37,SETTLED
SET00525,PAY00525,2026-07-18,4746.25,71.19,12.81,SETTLED
SET00526,PAY00526,2026-07-23,91125.05,1366.88,246.04,SETTLED
SET00528,PAY00528,2026-08-23,42249.59,633.74,114.07,SETTLED
SET00530,PAY00530,2026-08-06,88073.51,1321.1,237.8,SETTLED
SET00531,PAY00531,2026-08-11,47568.14,713.52,128.43,SETTLED
SET00532,PAY00532,2026-07-06,39881.38,598.22,107.68,SETTLED
SET00533,PAY00533,2026-07-20,89754.62,1346.32,242.34,SETTLED
SET00534,PAY00534,2026-08-04,85894.36,1288.42,231.92,SETTLED
SET00535,PAY00535,2026-08-22,82669.42,1240.04,223.21,SETTLED
SET00536,PAY00536,2026-07-15,44450.8,666.76,120.02,SETTLED
SET00537,PAY00537,2026-08-04,79253.29,1188.8,213.98,SETTLED
SET00538,PAY00538,2026-08-20,85203.89,1278.06,230.05,SETTLED
SET00539,PAY00539,2026-07-05,45916.64,688.75,123.97,SETTLED
SET00540,PAY00540,2026-08-04,39995.76,599.94,107.99,SETTLED
SET00541,PAY00541,2026-08-10,44887.29,673.31,121.2,SETTLED
SET00542,PAY00542,2026-07-18,75021.63,1125.32,202.56,SETTLED
SET00543,PAY00543,2026-08-07,76705.48,1171.4,210.85,SETTLED
SET00544,PAY00544,2026-08-12,40245.19,618.69,111.36,SETTLED
SET00545,PAY00545,2026-08-13,17733.47,266.0,47.88,SETTLED
SET00546,PAY00546,2026-07-30,89600.56,1344.01,241.92,SETTLED
SET00547,PAY00547,2026-08-16,52303.47,784.55,141.22,SETTLED
SET00548,PAY00548,2026-08-07,64910.54,973.66,175.26,SETTLED
SET00549,PAY00549,2026-07-25,97390.84,1482.63,266.87,SETTLED
SET00550,PAY00550,2026-07-15,14062.95,231.27,41.63,SETTLED
SET00551,PAY00551,2026-08-29,3032.8,45.49,8.19,SETTLED
SET00552,PAY00552,2026-08-18,4014.24,60.21,10.84,SETTLED
SET00553,PAY00553,2026-08-13,78597.26,1178.96,212.21,SETTLED
SET00554,PAY00554,2026-07-15,29731.51,445.97,80.27,SETTLED
SET00555,PAY00555,2026-08-20,91306.16,1369.59,246.53,SETTLED
SET00556,PAY00556,2026-08-19,87207.51,1308.11,235.46,SETTLED
SET00557,PAY00557,2026-08-10,29758.09,446.37,80.35,SETTLED
SET00558,PAY00558,2026-08-11,7585.97,113.79,20.48,SETTLED
SET00559,PAY00559,2026-07-22,41604.17,624.06,112.33,SETTLED
SET00560,PAY00560,2026-08-07,89338.09,1340.07,241.21,SETTLED
SET00561,PAY00561,2026-08-02,33596.63,503.95,90.71,SETTLED
SET00562,PAY00562,2026-07-20,21333.55,320.0,57.6,SETTLED
SET00563,PAY00563,2026-07-11,61640.73,924.61,166.43,SETTLED
SET00564,PAY00564,2026-07-04,53611.37,804.17,144.75,SETTLED
SET00565,PAY00565,2026-08-15,910.32,13.65,2.46,SETTLED
SET00566,PAY00566,2026-07-09,38663.27,579.95,104.39,SETTLED
SET00567,PAY00567,2026-07-31,72919.28,1093.79,196.88,SETTLED
SET00568,PAY00568,2026-08-02,36245.46,543.68,97.86,SETTLED
SET00569,PAY00569,2026-07-18,72853.3,1092.8,196.7,SETTLED
SET00570,PAY00570,2026-07-13,12754.62,191.32,34.44,SETTLED
SET00571,PAY00571,2026-08-10,5334.4,80.02,14.4,SETTLED
SET00572,PAY00572,2026-08-16,12021.09,180.32,32.46,SETTLED
SET00573,PAY00573,2026-08-15,15736.15,236.04,42.49,SETTLED
SET00574,PAY00574,2026-07-21,62468.38,937.03,168.67,SETTLED
SET00575,PAY00575,2026-07-20,11844.25,177.66,31.98,SETTLED
SET00576,PAY00576,2026-08-04,97325.41,1459.88,262.78,SETTLED
SET00577,PAY00577,2026-08-07,49887.29,748.31,134.7,SETTLED
SET00579,PAY00579,2026-07-12,94969.88,1424.55,256.42,SETTLED
SET00580,PAY00580,2026-07-31,98872.26,1483.08,266.95,SETTLED
SET00581,PAY00581,2026-07-05,85298.74,1279.48,230.31,SETTLED
SET00582,PAY00582,2026-07-10,85198.97,1277.98,230.04,SETTLED
SET00583,PAY00583,2026-07-23,36073.98,541.11,97.4,SETTLED
SET00584,PAY00584,2026-07-24,18695.51,280.43,50.48,SETTLED
SET00585,PAY00585,2026-08-15,85141.82,1277.13,229.88,SETTLED
SET00586,PAY00586,2026-08-16,72777.91,1091.67,196.5,SETTLED
SET00587,PAY00587,2026-08-14,44097.2,661.46,119.06,SETTLED
SET00588,PAY00588,2026-08-01,91859.26,1381.19,248.61,SETTLED
SET00589,PAY00589,2026-07-04,70604.53,1059.07,190.63,SETTLED
SET00590,PAY00590,2026-08-15,70207.73,1053.12,189.56,SETTLED
SET00591,PAY00591,2026-07-26,66539.21,998.09,179.66,SETTLED
SET00592,PAY00592,2026-07-03,64518.17,967.77,174.2,SETTLED
SET00593,PAY00593,2026-07-06,75267.29,1129.01,203.22,SETTLED
SET00594,PAY00594,2026-07-16,55274.31,829.11,149.24,SETTLED
SET00595,PAY00595,2026-07-31,80225.5,1203.38,216.61,SETTLED
SET00596,PAY00596,2026-07-09,98076.74,1471.15,264.81,SETTLED
SET00597,PAY00597,2026-08-08,516.89,7.75,1.4,SETTLED
SET00598,PAY00598,2026-08-03,56452.09,846.78,152.42,SETTLED
SET00599,PAY00599,2026-07-25,56235.01,843.53,151.84,SETTLED
SET00600,PAY00600,2026-07-11,10194.98,152.92,27.53,SETTLED
SET00601,PAY00601,2026-08-07,52437.52,786.56,141.58,SETTLED
SET00602,PAY00602,2026-08-16,74379.83,1115.7,200.83,SETTLED
SET00603,PAY00603,2026-07-11,93056.52,1395.85,251.25,SETTLED
SET00605,PAY00605,2026-08-20,89229.56,1338.44,240.92,SETTLED
SET00606,PAY00606,2026-07-04,53271.25,799.07,143.83,SETTLED
SET00607,PAY00607,2026-08-05,78217.61,1173.26,211.19,SETTLED
SET00608,PAY00608,2026-07-09,39046.86,585.7,105.43,SETTLED
SET00609,PAY00609,2026-07-19,40088.06,601.32,108.24,SETTLED
SET00610,PAY00610,2026-08-10,70151.42,1052.27,189.41,SETTLED
SET00611,PAY00611,2026-08-13,22125.58,331.88,59.74,SETTLED
SET00612,PAY00612,2026-08-16,13700.84,205.51,36.99,SETTLED
SET00613,PAY00613,2026-08-18,11982.82,179.74,32.35,SETTLED
SET00614,PAY00614,2026-08-14,73819.75,1123.69,202.26,SETTLED
SET00615,PAY00615,2026-07-27,14960.01,224.4,40.39,SETTLED
SET00616,PAY00616,2026-07-11,84018.49,1260.28,226.85,SETTLED
SET00617,PAY00617,2026-07-31,10696.76,160.45,28.88,SETTLED
SET00618,PAY00618,2026-08-04,78538.56,1178.08,212.05,SETTLED
SET00619,PAY00619,2026-07-29,95691.85,1435.38,258.37,SETTLED
SET00620,PAY00620,2026-08-12,86950.57,1304.26,234.77,SETTLED
SET00621,PAY00621,2026-08-20,59044.34,885.67,159.42,SETTLED
SET00622,PAY00622,2026-07-15,98353.61,1475.3,265.55,SETTLED
SET00623,PAY00623,2026-07-09,38031.22,570.47,102.68,SETTLED
SET00624,PAY00624,2026-08-08,84678.41,1270.18,228.63,SETTLED
SET00625,PAY00625,2026-07-13,92898.51,1393.48,250.83,SETTLED
SET00626,PAY00626,2026-08-03,79095.86,1186.44,213.56,SETTLED
SET00627,PAY00627,2026-07-17,95720.28,1435.8,258.44,SETTLED
SET00628,PAY00628,2026-08-07,40640.0,609.6,109.73,SETTLED
SET00629,PAY00629,2026-07-25,36399.38,545.99,98.28,SETTLED
SET00630,PAY00630,2026-07-11,67059.38,1005.89,181.06,SETTLED
SET00631,PAY00631,2026-07-05,68413.86,1026.21,184.72,SETTLED
SET00633,PAY00633,2026-07-31,47860.67,734.06,132.13,SETTLED
SET00634,PAY00634,2026-07-14,97177.06,1457.66,262.38,SETTLED
SET00635,PAY00635,2026-08-16,42708.84,640.63,115.31,SETTLED
SET00636,PAY00636,2026-08-12,81767.06,1226.51,220.77,SETTLED
SET00637,PAY00637,2026-08-17,33505.68,502.59,90.47,SETTLED
SET00639,PAY00639,2026-08-11,40742.58,611.14,110.01,SETTLED
SET00640,PAY00640,2026-07-02,64321.56,964.82,173.67,SETTLED
SET00641,PAY00641,2026-07-25,92840.75,1392.61,250.67,SETTLED
SET00642,PAY00642,2026-07-20,76644.79,1149.67,206.94,SETTLED
SET00643,PAY00643,2026-07-13,53580.04,803.7,144.67,SETTLED
SET00644,PAY00644,2026-07-21,67890.26,1018.35,183.3,SETTLED
SET00645,PAY00645,2026-07-05,1000.47,15.01,2.7,SETTLED
SET00646,PAY00646,2026-08-20,74272.33,1114.08,200.53,SETTLED
SET00647,PAY00647,2026-07-14,18807.28,282.11,50.78,SETTLED
SET00648,PAY00648,2026-07-06,85213.08,1278.2,230.08,SETTLED
SET00649,PAY00649,2026-07-20,10271.14,154.07,27.73,SETTLED
SET00651,PAY00651,2026-07-25,61826.07,927.39,166.93,SETTLED
SET00652,PAY00652,2026-07-25,80866.13,1212.99,218.34,SETTLED
SET00653,PAY00653,2026-08-16,74111.71,1111.68,200.1,SETTLED
SET00654,PAY00654,2026-08-03,46553.41,698.3,125.69,SETTLED
SET00655,PAY00655,2026-07-15,64732.38,970.99,174.78,SETTLED
SET00656,PAY00656,2026-07-20,73487.69,1102.32,198.42,SETTLED
SET00658,PAY00658,2026-08-07,47474.34,712.12,128.18,SETTLED
SET00659,PAY00659,2026-07-10,46737.76,701.07,126.19,SETTLED
SET00660,PAY00660,2026-08-12,68574.08,1028.61,185.15,SETTLED
SET00661,PAY00661,2026-08-14,87283.42,1309.25,235.66,SETTLED
SET00662,PAY00662,2026-07-16,76266.5,1144.0,205.92,SETTLED
SET00663,PAY00663,2026-08-13,21074.02,316.11,56.9,SETTLED
SET00664,PAY00664,2026-08-14,32745.08,491.18,88.41,SETTLED
SET00665,PAY00665,2026-08-07,17798.06,266.97,48.05,SETTLED
SET00666,PAY00666,2026-07-19,37944.71,569.17,102.45,SETTLED
SET00667,PAY00667,2026-08-22,48469.95,727.05,130.87,SETTLED
SET00668,PAY00668,2026-07-16,8170.28,122.55,22.06,SETTLED
SET00669,PAY00669,2026-08-10,71871.62,1078.07,194.05,SETTLED
SET00670,PAY00670,2026-08-03,67685.33,1015.28,182.75,SETTLED
SET00671,PAY00671,2026-07-03,24745.2,371.18,66.81,SETTLED
SET00672,PAY00672,2026-07-04,89134.37,1337.02,240.66,SETTLED
SET00673,PAY00673,2026-07-29,58475.59,902.04,162.37,SETTLED
SET00674,PAY00674,2026-07-15,43518.04,677.94,122.03,SETTLED
SET00675,PAY00675,2026-08-22,58473.29,877.1,157.88,SETTLED
SET00676,PAY00676,2026-08-17,68716.32,1030.74,185.53,SETTLED
SET00677,PAY00677,2026-07-28,13655.21,204.83,36.87,SETTLED
SET00678,PAY00678,2026-07-13,60748.35,911.23,164.02,SETTLED
SET00679,PAY00679,2026-08-21,53377.28,800.66,144.12,SETTLED
SET00680,PAY00680,2026-07-02,89748.41,1346.23,242.32,SETTLED
SET00681,PAY00681,2026-07-30,23333.88,350.01,63.0,SETTLED
SET00682,PAY00682,2026-07-08,42836.19,642.54,115.66,SETTLED
SET00683,PAY00683,2026-08-11,87738.25,1316.07,236.89,SETTLED
SET00684,PAY00684,2026-08-09,52492.79,787.39,141.73,SETTLED
SET00685,PAY00685,2026-07-29,36545.84,548.19,98.67,SETTLED
SET00686,PAY00686,2026-08-06,42644.37,639.67,115.14,SETTLED
SET00687,PAY00687,2026-07-30,55434.44,831.52,149.67,SETTLED
SET00688,PAY00688,2026-07-20,98856.57,1482.85,266.91,SETTLED
SET00689,PAY00689,2026-08-13,12349.03,185.24,33.34,SETTLED
SET00690,PAY00690,2026-07-17,51080.18,766.2,137.92,SETTLED
SET00691,PAY00691,2026-07-13,39215.82,588.24,105.88,SETTLED
SET00692,PAY00692,2026-07-07,6876.01,103.14,18.57,SETTLED
SET00693,PAY00693,2026-07-27,61589.58,923.84,166.29,SETTLED
SET00694,PAY00694,2026-08-13,49689.65,745.34,134.16,SETTLED
SET00695,PAY00695,2026-07-14,3844.13,57.66,10.38,SETTLED
SET00696,PAY00696,2026-07-18,65674.4,985.12,177.32,SETTLED
SET00697,PAY00697,2026-08-15,39816.74,597.25,107.5,SETTLED
SET00698,PAY00698,2026-07-07,55184.47,827.77,149.0,SETTLED
SET00699,PAY00699,2026-08-02,93006.53,1395.1,251.12,SETTLED
SET00700,PAY00700,2026-08-08,7702.4,115.54,20.8,SETTLED
SET00701,PAY00701,2026-08-07,81408.16,1221.12,219.8,SETTLED
SET00702,PAY00702,2026-08-22,24705.69,370.59,66.71,SETTLED
SET00703,PAY00703,2026-08-03,12068.7,181.03,32.59,SETTLED
SET00704,PAY00704,2026-07-24,41536.38,623.05,112.15,SETTLED
SET00705,PAY00705,2026-07-17,29085.31,436.28,78.53,SETTLED
SET00706,PAY00706,2026-07-14,47917.27,718.76,129.38,SETTLED
SET00707,PAY00707,2026-08-18,68469.18,1027.04,184.87,SETTLED
SET00708,PAY00708,2026-07-19,21074.47,316.12,56.9,SETTLED
SET00709,PAY00709,2026-08-21,11115.58,166.73,30.01,SETTLED
SET00710,PAY00710,2026-08-21,85780.39,1286.71,231.61,SETTLED
SET00711,PAY00711,2026-08-03,89863.06,1347.95,242.63,SETTLED
SET00712,PAY00712,2026-07-17,75141.85,1127.13,202.88,SETTLED
SET00713,PAY00713,2026-07-05,48540.92,757.44,136.34,SETTLED
SET00714,PAY00714,2026-08-01,31907.3,478.61,86.15,SETTLED
SET00715,PAY00715,2026-07-08,32880.9,493.21,88.78,SETTLED
SET00716,PAY00716,2026-08-02,95873.42,1438.1,258.86,SETTLED
SET00717,PAY00717,2026-07-29,70220.91,1053.31,189.6,SETTLED
SET00718,PAY00718,2026-07-14,57355.27,860.33,154.86,SETTLED
SET00719,PAY00719,2026-08-06,43505.77,652.59,117.47,SETTLED
SET00720,PAY00720,2026-07-04,18072.42,271.09,48.8,SETTLED
SET00721,PAY00721,2026-08-19,31914.86,478.72,86.17,SETTLED
SET00722,PAY00722,2026-07-28,10347.99,155.22,27.94,SETTLED
SET00723,PAY00723,2026-08-01,74587.03,1118.81,201.39,SETTLED
SET00724,PAY00724,2026-07-26,2473.62,37.1,6.68,SETTLED
SET00725,PAY00725,2026-08-09,57801.5,867.02,156.06,SETTLED
SET00726,PAY00726,2026-08-04,76942.67,1163.81,209.49,SETTLED
SET00727,PAY00727,2026-07-14,64237.77,963.57,173.44,SETTLED
SET00728,PAY00728,2026-07-08,8371.64,125.57,22.6,SETTLED
SET00729,PAY00729,2026-08-17,27113.5,406.7,73.21,SETTLED
SET00730,PAY00730,2026-08-01,41146.12,625.38,112.57,SETTLED
SET00731,PAY00731,2026-08-18,70219.34,1053.29,189.59,SETTLED
SET00732,PAY00732,2026-07-07,93710.97,1405.66,253.02,SETTLED
SET00733,PAY00733,2026-08-19,99603.37,1494.05,268.93,SETTLED
SET00734,PAY00734,2026-07-21,23320.92,349.81,62.97,SETTLED
SET00735,PAY00735,2026-07-13,2355.17,50.14,9.03,SETTLED
SET00736,PAY00736,2026-07-21,55080.25,826.2,148.72,SETTLED
SET00737,PAY00737,2026-08-13,75016.7,1125.25,202.54,SETTLED
SET00738,PAY00738,2026-07-25,48424.34,726.37,130.75,SETTLED
SET00739,PAY00739,2026-07-28,26350.8,395.26,71.15,SETTLED
SET00740,PAY00740,2026-07-21,47185.2,707.78,127.4,SETTLED
SET00741,PAY00741,2026-07-04,76703.99,1150.56,207.1,SETTLED
SET00742,PAY00742,2026-07-16,41467.72,622.02,111.96,SETTLED
SET00743,PAY00743,2026-07-28,22448.95,336.73,60.61,SETTLED
SET00744,PAY00744,2026-07-20,65021.48,975.32,175.56,SETTLED
SET00745,PAY00745,2026-07-22,11480.46,172.21,31.0,SETTLED
SET00746,PAY00746,2026-07-14,32404.05,486.06,87.49,SETTLED
SET00747,PAY00747,2026-07-08,28570.4,428.56,77.14,SETTLED
SET00748,PAY00748,2026-07-08,15493.03,232.4,41.83,SETTLED
SET00749,PAY00749,2026-07-25,46636.6,699.55,125.92,SETTLED
SET00750,PAY00750,2026-08-21,39545.97,593.19,106.77,SETTLED
SET00751,PAY00751,2026-07-09,97472.55,1462.09,263.18,SETTLED
SET00752,PAY00752,2026-07-15,46353.05,695.3,125.15,SETTLED
SET00753,PAY00753,2026-08-14,96140.78,1442.11,259.58,SETTLED
SET00754,PAY00754,2026-08-05,12653.08,189.8,34.16,SETTLED
SET00755,PAY00755,2026-08-14,22169.93,332.55,59.86,SETTLED
SET00756,PAY00756,2026-07-12,79541.84,1193.13,214.76,SETTLED
SET00757,PAY00757,2026-08-09,78455.79,1176.84,211.83,SETTLED
SET00758,PAY00758,2026-07-19,16191.0,242.86,43.71,SETTLED
SET00759,PAY00759,2026-07-05,35874.01,538.11,96.86,SETTLED
SET00760,PAY00760,2026-07-18,32015.59,480.23,86.44,SETTLED
SET00761,PAY00761,2026-07-03,69080.37,1036.21,186.52,SETTLED
SET00762,PAY00762,2026-08-16,44031.25,660.47,118.88,SETTLED
SET00763,PAY00763,2026-07-15,54590.24,818.85,147.39,SETTLED
SET00764,PAY00764,2026-07-14,7353.22,110.3,19.85,SETTLED
SET00765,PAY00765,2026-08-02,571.62,8.57,1.54,SETTLED
SET00766,PAY00766,2026-08-22,62209.63,933.14,167.97,SETTLED
SET00767,PAY00767,2026-07-16,52644.94,789.67,142.14,SETTLED
SET00768,PAY00768,2026-07-24,41275.55,619.13,111.44,SETTLED
SET00769,PAY00769,2026-07-04,83601.74,1254.03,225.73,SETTLED
SET00770,PAY00770,2026-08-04,19565.86,293.49,52.83,SETTLED
SET00771,PAY00771,2026-08-06,62585.06,938.78,168.98,SETTLED
SET00772,PAY00772,2026-07-03,93056.0,1395.84,251.25,SETTLED
SET00773,PAY00773,2026-07-25,56022.98,840.34,151.26,SETTLED
SET00774,PAY00774,2026-08-04,4544.99,68.17,12.27,SETTLED
SET00775,PAY00775,2026-07-08,10571.9,158.58,28.54,SETTLED
SET00776,PAY00776,2026-08-14,25251.92,378.78,68.18,SETTLED
SET00777,PAY00777,2026-08-22,64043.12,960.65,172.92,SETTLED
SET00778,PAY00778,2026-07-09,17097.53,256.46,46.16,SETTLED
SET00779,PAY00779,2026-08-07,99844.14,1497.66,269.58,SETTLED
SET00780,PAY00780,2026-07-27,41528.16,622.92,112.13,SETTLED
SET00781,PAY00781,2026-08-08,54789.81,821.85,147.93,SETTLED
SET00782,PAY00782,2026-07-31,45026.23,675.39,121.57,SETTLED
SET00783,PAY00783,2026-08-04,13941.03,209.12,37.64,SETTLED
SET00785,PAY00785,2026-08-07,15894.12,238.41,42.91,SETTLED
SET00786,PAY00786,2026-07-25,89017.72,1335.27,240.35,SETTLED
SET00787,PAY00787,2026-07-28,57121.96,856.83,154.23,SETTLED
SET00788,PAY00788,2026-07-13,49083.5,736.25,132.53,SETTLED
SET00790,PAY00790,2026-07-30,91719.21,1395.89,251.26,SETTLED
SET00791,PAY00791,2026-08-11,77853.15,1167.8,210.2,SETTLED
SET00792,PAY00792,2026-08-05,56708.83,850.63,153.11,SETTLED
SET00793,PAY00793,2026-08-16,73292.07,1099.38,197.89,SETTLED
SET00794,PAY00794,2026-07-16,43477.6,652.16,117.39,SETTLED
SET00795,PAY00795,2026-08-09,74658.85,1119.88,201.58,SETTLED
SET00796,PAY00796,2026-08-21,69938.12,1049.07,188.83,SETTLED
SET00797,PAY00797,2026-08-13,57347.4,860.21,154.84,SETTLED
SET00798,PAY00798,2026-08-15,92451.74,1386.78,249.62,SETTLED
SET00799,PAY00799,2026-07-25,19453.73,291.81,52.53,SETTLED
SET00800,PAY00800,2026-07-24,61813.99,927.21,166.9,SETTLED
SET00801,PAY00801,2026-07-14,68693.24,1030.4,185.47,SETTLED
SET00802,PAY00802,2026-07-17,94167.4,1423.79,256.28,SETTLED
SET00803,PAY00803,2026-07-23,45281.13,679.22,122.26,SETTLED
SET00804,PAY00804,2026-07-17,54869.21,823.04,148.15,SETTLED
SET00805,PAY00805,2026-08-17,70026.15,1050.39,189.07,SETTLED
SET00806,PAY00806,2026-07-20,17446.8,261.7,47.11,SETTLED
SET00807,PAY00807,2026-07-06,46763.6,701.45,126.26,SETTLED
SET00808,PAY00808,2026-07-10,2398.29,35.97,6.47,SETTLED
SET00809,PAY00809,2026-07-23,48723.88,730.86,131.55,SETTLED
SET00811,PAY00811,2026-07-28,74566.88,1118.5,201.33,SETTLED
SET00812,PAY00812,2026-07-18,99601.44,1494.02,268.92,SETTLED
SET00813,PAY00813,2026-07-04,94441.6,1416.62,254.99,SETTLED
SET00814,PAY00814,2026-07-07,73124.02,1096.86,197.43,SETTLED
SET00815,PAY00815,2026-07-21,91018.67,1365.28,245.75,SETTLED
SET00816,PAY00816,2026-08-10,52924.95,815.47,146.78,SETTLED
SET00817,PAY00817,2026-07-10,43291.4,649.37,116.89,SETTLED
SET00818,PAY00818,2026-07-08,55955.36,839.33,151.08,SETTLED
SET00819,PAY00819,2026-08-21,32209.4,483.14,86.97,SETTLED
SET00820,PAY00820,2026-07-13,78021.23,1170.32,210.66,SETTLED
SET00821,PAY00821,2026-08-11,56920.79,853.81,153.69,SETTLED
SET00822,PAY00822,2026-07-25,8407.81,126.12,22.7,SETTLED
SET00823,PAY00823,2026-07-13,85286.88,1279.3,230.27,SETTLED
SET00826,PAY00826,2026-08-16,31252.3,492.41,88.63,SETTLED
SET00827,PAY00827,2026-08-18,31633.3,474.5,85.41,SETTLED
SET00828,PAY00828,2026-07-29,52110.91,781.66,140.7,SETTLED
SET00829,PAY00829,2026-08-20,63249.53,948.74,170.77,SETTLED
SET00830,PAY00830,2026-08-22,82848.29,1242.72,223.69,SETTLED
SET00831,PAY00831,2026-08-16,51938.48,779.08,140.23,SETTLED
SET00832,PAY00832,2026-08-19,50315.45,754.73,135.85,SETTLED
SET00833,PAY00833,2026-07-29,41649.15,624.74,112.45,SETTLED
SET00834,PAY00834,2026-07-31,9472.88,142.09,25.58,SETTLED
SET00835,PAY00835,2026-07-09,11859.41,177.89,32.02,SETTLED
SET00836,PAY00836,2026-08-17,79211.13,1188.17,213.87,SETTLED
SET00837,PAY00837,2026-07-23,56766.41,851.5,153.27,SETTLED
SET00838,PAY00838,2026-07-28,31152.19,467.28,84.11,SETTLED
SET00839,PAY00839,2026-07-15,851.52,12.77,2.3,SETTLED
SET00840,PAY00840,2026-07-04,60994.4,914.92,164.69,SETTLED
SET00841,PAY00841,2026-07-31,41310.06,619.65,111.54,SETTLED
SET00842,PAY00842,2026-07-19,62166.72,932.5,167.85,SETTLED
SET00843,PAY00843,2026-07-05,14964.75,224.47,40.4,SETTLED
SET00844,PAY00844,2026-07-17,5378.62,80.68,14.52,SETTLED
SET00845,PAY00845,2026-08-21,56436.63,846.55,152.38,SETTLED
SET00846,PAY00846,2026-08-21,28577.51,454.2,81.76,SETTLED
SET00847,PAY00847,2026-07-21,47346.28,710.19,127.83,SETTLED
SET00848,PAY00848,2026-07-30,52702.3,790.53,142.3,SETTLED
SET00849,PAY00849,2026-07-08,48624.47,729.37,131.29,SETTLED
SET00851,PAY00851,2026-08-06,73053.88,1095.81,197.25,SETTLED
SET00852,PAY00852,2026-08-17,29403.56,441.05,79.39,SETTLED
SET00853,PAY00853,2026-08-19,84882.94,1273.24,229.18,SETTLED
SET00854,PAY00854,2026-08-11,21627.62,324.41,58.39,SETTLED
SET00855,PAY00855,2026-07-23,50915.62,763.73,137.47,SETTLED
SET00856,PAY00856,2026-07-24,39906.91,598.6,107.75,SETTLED
SET00857,PAY00857,2026-08-14,48171.27,722.57,130.06,SETTLED
SET00858,PAY00858,2026-07-13,62906.45,943.6,169.85,SETTLED
SET00859,PAY00859,2026-08-04,30284.7,454.27,81.77,SETTLED
SET00860,PAY00860,2026-08-15,33506.07,502.59,90.47,SETTLED
SET00861,PAY00861,2026-07-23,98370.07,1475.55,265.6,SETTLED
SET00862,PAY00862,2026-08-22,75278.25,1129.17,203.25,SETTLED
SET00863,PAY00863,2026-08-02,87766.35,1316.5,236.97,SETTLED
SET00864,PAY00864,2026-07-21,17913.77,268.71,48.37,SETTLED
SET00866,PAY00866,2026-08-01,73377.89,1100.67,198.12,SETTLED
SET00867,PAY00867,2026-08-15,99275.67,1489.14,268.05,SETTLED
SET00868,PAY00868,2026-07-09,908.93,13.63,2.45,SETTLED
SET00869,PAY00869,2026-08-02,88973.99,1334.61,240.23,SETTLED
SET00870,PAY00870,2026-07-04,57967.2,869.51,156.51,SETTLED
SET00871,PAY00871,2026-07-14,29013.45,435.2,78.34,SETTLED
SET00872,PAY00872,2026-07-13,16170.85,242.56,43.66,SETTLED
SET00873,PAY00873,2026-07-08,21054.45,315.82,56.85,SETTLED
SET00874,PAY00874,2026-08-09,24860.09,372.9,67.12,SETTLED
SET00876,PAY00876,2026-07-07,9068.9,136.03,24.49,SETTLED
SET00877,PAY00877,2026-08-12,35884.62,538.27,96.89,SETTLED
SET00878,PAY00878,2026-07-09,97381.35,1460.72,262.93,SETTLED
SET00879,PAY00879,2026-07-08,45830.62,687.46,123.74,SETTLED
SET00880,PAY00880,2026-07-26,39511.65,592.67,106.68,SETTLED
SET00881,PAY00881,2026-07-03,7003.84,105.06,18.91,SETTLED
SET00882,PAY00882,2026-08-22,35187.24,527.81,95.01,SETTLED
SET00883,PAY00883,2026-07-23,55836.91,837.55,150.76,SETTLED
SET00884,PAY00884,2026-08-09,41637.47,624.56,112.42,SETTLED
SET00885,PAY00885,2026-07-25,21219.7,318.3,57.29,SETTLED
SET00886,PAY00886,2026-08-07,69566.25,1043.49,187.83,SETTLED
SET00887,PAY00887,2026-08-03,11875.12,178.13,32.06,SETTLED
SET00888,PAY00888,2026-07-23,95610.4,1434.16,258.15,SETTLED
SET00889,PAY00889,2026-07-24,49682.37,745.24,134.14,SETTLED
SET00890,PAY00890,2026-08-20,15099.17,226.49,40.77,SETTLED
SET00891,PAY00891,2026-07-31,19968.83,299.53,53.92,SETTLED
SET00892,PAY00892,2026-08-30,98266.74,1474.0,265.32,SETTLED
SET00893,PAY00893,2026-07-10,85324.27,1279.86,230.37,SETTLED
SET00894,PAY00894,2026-08-16,56223.01,843.35,151.8,SETTLED
SET00895,PAY00895,2026-07-30,70371.08,1055.57,190.0,SETTLED
SET00896,PAY00896,2026-07-26,43801.41,657.02,118.26,SETTLED
SET00897,PAY00897,2026-08-07,38767.21,581.51,104.67,SETTLED
SET00898,PAY00898,2026-07-12,1654.47,24.82,4.47,SETTLED
SET00899,PAY00899,2026-07-12,7056.42,133.86,24.09,SETTLED
SET00900,PAY00900,2026-07-31,51186.78,767.8,138.2,SETTLED
SET00901,PAY00901,2026-08-11,1239.28,18.59,3.35,SETTLED
SET00902,PAY00902,2026-07-21,41378.36,620.68,111.72,SETTLED
SET00903,PAY00903,2026-08-18,37173.57,557.6,100.37,SETTLED
SET00904,PAY00904,2026-08-21,77997.55,1169.96,210.59,SETTLED
SET00905,PAY00905,2026-07-19,47508.93,712.63,128.27,SETTLED
SET00906,PAY00906,2026-08-11,5751.04,86.27,15.53,SETTLED
SET00907,PAY00907,2026-08-04,90652.48,1359.79,244.76,SETTLED
SET00908,PAY00908,2026-07-05,69657.59,1044.86,188.07,SETTLED
SET00909,PAY00909,2026-08-12,47579.47,713.69,128.46,SETTLED
SET00910,PAY00910,2026-07-21,48733.64,731.0,131.58,SETTLED
SET00911,PAY00911,2026-08-12,28456.71,426.85,76.83,SETTLED
SET00912,PAY00912,2026-08-09,74027.24,1110.41,199.87,SETTLED
SET00913,PAY00913,2026-08-02,18490.51,277.36,49.92,SETTLED
SET00914,PAY00914,2026-08-04,75399.75,1131.0,203.58,SETTLED
SET00915,PAY00915,2026-08-17,63938.68,959.08,172.63,SETTLED
SET00916,PAY00916,2026-08-20,82043.34,1230.65,221.52,SETTLED
SET00917,PAY00917,2026-08-02,74741.98,1121.13,201.8,SETTLED
SET00918,PAY00918,2026-07-19,14942.41,224.14,40.35,SETTLED
SET00919,PAY00919,2026-08-06,68446.19,1026.69,184.8,SETTLED
SET00920,PAY00920,2026-07-29,61243.31,918.65,165.36,SETTLED
SET00921,PAY00921,2026-08-12,58625.59,879.38,158.29,SETTLED
SET00922,PAY00922,2026-08-06,34071.96,511.08,91.99,SETTLED
SET00923,PAY00923,2026-07-07,1690.16,25.35,4.56,SETTLED
SET00924,PAY00924,2026-07-18,72662.44,1089.94,196.19,SETTLED
SET00925,PAY00925,2026-07-05,93881.29,1408.22,253.48,SETTLED
SET00926,PAY00926,2026-08-09,12844.43,201.39,36.25,SETTLED
SET00928,PAY00928,2026-07-19,16615.62,249.23,44.86,SETTLED
SET00929,PAY00929,2026-07-23,99597.88,1493.97,268.91,SETTLED
SET00930,PAY00930,2026-07-14,61225.04,918.38,165.31,SETTLED
SET00932,PAY00932,2026-07-05,7755.49,116.33,20.94,SETTLED
SET00933,PAY00933,2026-08-12,64213.36,963.2,173.38,SETTLED
SET00934,PAY00934,2026-07-29,57676.71,865.15,155.73,SETTLED
SET00935,PAY00935,2026-08-05,22971.76,344.58,62.02,SETTLED
SET00936,PAY00936,2026-08-06,93536.7,1403.05,252.55,SETTLED
SET00937,PAY00937,2026-08-11,99703.07,1495.55,269.2,SETTLED
SET00938,PAY00938,2026-08-20,76767.55,1151.51,207.27,SETTLED
SET00939,PAY00939,2026-07-22,69740.29,1046.1,188.3,SETTLED
SET00940,PAY00940,2026-08-11,44079.38,661.19,119.01,SETTLED
SET00941,PAY00941,2026-08-02,39182.37,587.74,105.79,SETTLED
SET00942,PAY00942,2026-07-25,6077.42,91.16,16.41,SETTLED
SET00943,PAY00943,2026-07-31,94038.93,1410.58,253.9,SETTLED
SET00944,PAY00944,2026-08-18,14588.25,218.82,39.39,SETTLED
SET00945,PAY00945,2026-08-16,65054.25,975.81,175.65,SETTLED
SET00946,PAY00946,2026-07-31,61316.98,919.75,165.56,SETTLED
SET00947,PAY00947,2026-08-10,80017.93,1200.27,216.05,SETTLED
SET00948,PAY00948,2026-08-20,68000.58,1020.01,183.6,SETTLED
SET00949,PAY00949,2026-07-10,32498.19,487.47,87.74,SETTLED
SET00950,PAY00950,2026-07-08,12514.18,187.71,33.79,SETTLED
SET00952,PAY00952,2026-08-22,84812.99,1272.19,228.99,SETTLED
SET00953,PAY00953,2026-07-03,1218.79,18.28,3.29,SETTLED
SET00954,PAY00954,2026-08-15,80837.47,1212.56,218.26,SETTLED
SET00955,PAY00955,2026-08-06,45316.7,679.75,122.35,SETTLED
SET00956,PAY00956,2026-08-11,18410.05,276.15,49.71,SETTLED
SET00957,PAY00957,2026-07-24,42169.19,632.54,113.86,SETTLED
SET00958,PAY00958,2026-08-21,98684.82,1480.27,266.45,SETTLED
SET00959,PAY00959,2026-07-20,5780.37,86.71,15.61,SETTLED
SET00960,PAY00960,2026-07-14,16396.08,245.94,44.27,SETTLED
SET00961,PAY00961,2026-07-29,25512.49,382.69,68.88,SETTLED
SET00962,PAY00962,2026-07-13,16225.54,243.38,43.81,SETTLED
SET00963,PAY00963,2026-08-19,44759.68,671.4,120.85,SETTLED
SET00964,PAY00964,2026-07-18,78008.04,1170.12,210.62,SETTLED
SET00965,PAY00965,2026-07-15,37865.47,567.98,102.24,SETTLED
SET00966,PAY00966,2026-07-29,14921.66,223.82,40.29,SETTLED
SET00967,PAY00967,2026-08-17,19818.41,297.28,53.51,SETTLED
SET00968,PAY00968,2026-07-06,27994.83,426.3,76.73,SETTLED
SET00969,PAY00969,2026-07-18,88697.69,1330.47,239.48,SETTLED
SET00970,PAY00970,2026-08-08,97028.52,1455.43,261.98,SETTLED
SET00971,PAY00971,2026-08-09,47612.15,714.18,128.55,SETTLED
SET00972,PAY00972,2026-07-17,31229.82,495.99,89.28,SETTLED
SET00973,PAY00973,2026-08-03,98028.31,1470.42,264.68,SETTLED
SET00974,PAY00974,2026-08-04,39734.86,596.02,107.28,SETTLED
SET00975,PAY00975,2026-08-20,1736.09,26.04,4.69,SETTLED
SET00976,PAY00976,2026-07-18,64940.2,974.1,175.34,SETTLED
SET00977,PAY00977,2026-08-18,46198.64,692.98,124.74,SETTLED
SET00978,PAY00978,2026-07-15,79090.94,1186.36,213.54,SETTLED
SET00979,PAY00979,2026-08-12,7534.51,113.02,20.34,SETTLED
SET00980,PAY00980,2026-08-17,94636.5,1419.55,255.52,SETTLED
SET00981,PAY00981,2026-08-19,92463.58,1398.87,251.8,SETTLED
SET00982,PAY00982,2026-07-25,36960.08,554.4,99.79,SETTLED
SET00983,PAY00983,2026-07-19,54193.57,812.9,146.32,SETTLED
SET00984,PAY00984,2026-08-21,74629.16,1119.44,201.5,SETTLED
SET00985,PAY00985,2026-07-21,5918.77,88.78,15.98,SETTLED
SET00986,PAY00986,2026-07-11,47281.3,709.22,127.66,SETTLED
SET00987,PAY00987,2026-07-14,89244.37,1338.67,240.96,SETTLED
SET00988,PAY00988,2026-07-07,11381.81,170.73,30.73,SETTLED
SET00989,PAY00989,2026-07-17,52308.42,784.63,141.23,SETTLED
SET00990,PAY00990,2026-08-02,34996.67,524.95,94.49,SETTLED
SET00991,PAY00991,2026-07-08,2692.64,40.39,7.27,SETTLED
SET00992,PAY00992,2026-07-30,58081.11,871.22,156.82,SETTLED
SET00993,PAY00993,2026-08-06,44803.0,672.04,120.97,SETTLED
SET00994,PAY00994,2026-07-16,48682.19,730.23,131.44,SETTLED
SET00995,PAY00995,2026-07-22,45864.69,687.97,123.83,SETTLED
SET00996,PAY00996,2026-07-22,18636.91,279.55,50.32,SETTLED
SET00997,PAY00997,2026-07-25,24171.58,362.57,65.26,SETTLED
SET00998,PAY00998,2026-07-25,18857.41,282.86,50.91,SETTLED
SET00999,PAY00999,2026-07-30,54216.73,813.25,146.38,SETTLED
