payment_id,transaction_id,invoice_id,payment_date,customer_id,amount,currency,payment_method,status
PAY00001,TXN00001,INV00001,2026-07-02,CUST0058,74284.27,INR,CARD,SUCCESS
PAY00002,TXN00002,INV00002,2026-07-06,CUST0280,59254.0,INR,UPI,SUCCESS
PAY00003,TXN00003,INV00003,2026-08-08,CUST0259,3140.33,INR,CARD,SUCCESS
PAY00004,TXN00004,INV00004,2026-07-15,CUST0215,45196.3,INR,NETBANKING,SUCCESS
PAY00005,TXN00005,INV00005,2026-07-22,CUST0217,28148.2,INR,CARD,SUCCESS
PAY00006,TXN00006,INV00006,2026-07-23,CUST0050,84825.69,INR,NETBANKING,SUCCESS
PAY00007,TXN00007,INV00007,2026-07-08,CUST0275,97325.02,INR,WALLET,SUCCESS
PAY00008,TXN00008,INV00008,2026-08-06,CUST0186,19632.71,INR,UPI,SUCCESS
PAY00009,TXN00009,INV00009,2026-07-15,CUST0041,86715.12,INR,WALLET,SUCCESS
PAY00010,TXN00010,INV00010,2026-07-24,CUST0084,35849.43,INR,NETBANKING,SUCCESS
PAY00011,TXN00011,INV00011,2026-08-08,CUST0037,63680.34,INR,CARD,SUCCESS
PAY00012,TXN00012,INV00012,2026-07-15,CUST0286,68619.12,INR,UPI,SUCCESS
PAY00013,TXN00013,INV00013,2026-07-18,CUST0206,7085.77,INR,NETBANKING,SUCCESS
PAY00014,TXN00014,INV00014,2026-07-10,CUST0235,26855.58,INR,CARD,SUCCESS
PAY00015,TXN00015,INV00015,2026-07-28,CUST0300,89833.38,INR,WALLET,SUCCESS
PAY00016,TXN00016,INV00016,2026-07-06,CUST0253,75700.32,INR,UPI,SUCCESS
PAY00017,TXN00017,INV00017,2026-08-08,CUST0217,6821.01,INR,WALLET,SUCCESS
PAY00018,TXN00018,INV00018,2026-08-05,CUST0129,86147.58,INR,UPI,SUCCESS
PAY00019,TXN00019,INV00019,2026-08-18,CUST0275,27049.11,INR,NETBANKING,SUCCESS
PAY00020,TXN00020,INV00020,2026-07-01,CUST0233,95404.68,INR,NETBANKING,SUCCESS
PAY00021,TXN00021,INV00021,2026-08-10,CUST0153,51012.46,INR,CARD,SUCCESS
PAY00022,TXN00022,INV00022,2026-07-01,CUST0272,60094.99,INR,WALLET,SUCCESS
PAY00023,TXN00023,INV00023,2026-07-04,CUST0123,24466.72,INR,UPI,SUCCESS
PAY00024,TXN00024,INV00024,2026-08-19,CUST0273,13013.17,INR,WALLET,SUCCESS
PAY00024_DUP,TXN00024_DUP,INV00024,2026-08-19,CUST0273,13013.17,INR,WALLET,SUCCESS
PAY00025,TXN00025,INV00025,2026-08-08,CUST0271,42602.23,INR,CARD,SUCCESS
PAY00026,TXN00026,INV00026,2026-08-15,CUST0103,31515.77,INR,NETBANKING,SUCCESS
PAY00027,TXN00027,INV00027,2026-07-16,CUST0062,22857.39,INR,NETBANKING,SUCCESS
PAY00028,TXN00028,INV00028,2026-07-01,CUST0113,7563.81,INR,UPI,SUCCESS
PAY00029,TXN00029,INV00029,2026-08-02,CUST0037,24181.46,INR,WALLET,SUCCESS
PAY00030,TXN00030,INV00030,2026-08-06,CUST0293,47530.77,INR,WALLET,SUCCESS
PAY00031,TXN00031,INV00031,2026-08-12,CUST0050,43389.59,INR,WALLET,SUCCESS
PAY00032,TXN00032,INV00032,2026-07-04,CUST0051,40560.82,INR,NETBANKING,SUCCESS
PAY00033,TXN00033,INV00033,2026-07-13,CUST0099,53860.43,INR,CARD,SUCCESS
PAY00034,TXN00034,INV00034,2026-07-05,CUST0128,44591.51,INR,UPI,SUCCESS
PAY00035,TXN00035,INV00035,2026-08-18,CUST0048,84945.23,INR,CARD,SUCCESS
PAY00036,TXN00036,INV00036,2026-07-04,CUST0206,16881.39,INR,UPI,SUCCESS
PAY00037,TXN00037,INV00037,2026-08-14,CUST0217,95753.11,INR,WALLET,SUCCESS
PAY00038,TXN00038,INV00038,2026-08-07,CUST0030,73705.85,INR,UPI,SUCCESS
PAY00039,TXN00039,INV00039,2026-07-31,CUST0300,50533.61,INR,CARD,SUCCESS
PAY00040,TXN00040,INV00040,2026-07-05,CUST0096,59705.99,INR,CARD,SUCCESS
PAY00041,TXN00041,INV00041,2026-08-08,CUST0297,4454.3,INR,UPI,SUCCESS
PAY00042,TXN00042,INV00042,2026-07-21,CUST0268,93503.27,INR,CARD,SUCCESS
PAY00043,TXN00043,INV00043,2026-07-26,CUST0136,13522.39,INR,NETBANKING,SUCCESS
PAY00044,TXN00044,INV00044,2026-08-09,CUST0235,99846.22,INR,UPI,SUCCESS
PAY00045,TXN00045,INV00045,2026-07-09,CUST0136,93359.31,INR,UPI,SUCCESS
PAY00046,TXN00046,INV00046,2026-08-15,CUST0279,30600.46,INR,UPI,SUCCESS
PAY00047,TXN00047,INV00047,2026-07-09,CUST0054,26814.36,INR,UPI,SUCCESS
PAY00048,TXN00048,INV00048,2026-08-08,CUST0145,21457.65,INR,NETBANKING,SUCCESS
PAY00049,TXN00049,INV00049,2026-08-01,CUST0259,25486.56,INR,UPI,SUCCESS
PAY00050,TXN00050,INV00050,2026-07-01,CUST0023,33688.88,INR,CARD,SUCCESS
PAY00051,TXN00051,INV00051,2026-08-05,CUST0227,70713.91,INR,UPI,SUCCESS
PAY00052,TXN00052,INV00052,2026-07-03,CUST0280,83542.2,INR,CARD,SUCCESS
PAY00053,TXN00053,INV00053,2026-08-20,CUST0187,97233.53,INR,UPI,SUCCESS
PAY00054,TXN00054,INV00054,2026-07-23,CUST0053,78121.57,INR,WALLET,SUCCESS
PAY00055,TXN00055,INV00055,2026-07-27,CUST0091,2966.24,INR,NETBANKING,SUCCESS
PAY00056,TXN00056,INV00056,2026-07-18,CUST0128,16340.19,INR,UPI,SUCCESS
PAY00057,TXN00057,INV00057,2026-07-13,CUST0114,81750.37,INR,WALLET,SUCCESS
PAY00058,TXN00058,INV00058,2026-08-12,CUST0013,19716.41,INR,NETBANKING,SUCCESS
PAY00059,TXN00059,INV00059,2026-08-11,CUST0180,51185.86,INR,NETBANKING,SUCCESS
PAY00059_DUP,TXN00059_DUP,INV00059,2026-08-11,CUST0180,51185.86,INR,NETBANKING,SUCCESS
PAY00060,TXN00060,INV00060,2026-08-07,CUST0092,96272.16,INR,NETBANKING,SUCCESS
PAY00061,TXN00061,INV00061,2026-08-16,CUST0177,78749.6,INR,WALLET,SUCCESS
PAY00062,TXN00062,INV00062,2026-08-06,CUST0198,19412.84,INR,UPI,SUCCESS
PAY00063,TXN00063,INV00063,2026-08-13,CUST0276,72083.28,INR,CARD,SUCCESS
PAY00064,TXN00064,INV00064,2026-08-09,CUST0170,31734.61,INR,UPI,SUCCESS
PAY00065,TXN00065,INV00065,2026-08-12,CUST0159,41135.09,INR,WALLET,SUCCESS
PAY00066,TXN00066,INV00066,2026-07-27,CUST0099,66660.48,INR,WALLET,SUCCESS
PAY00067,TXN00067,INV00067,2026-07-20,CUST0292,40904.48,INR,UPI,SUCCESS
PAY00068,TXN00068,INV00068,2026-08-08,CUST0297,65643.21,INR,WALLET,SUCCESS
PAY00069,TXN00069,INV00069,2026-07-31,CUST0262,79476.67,INR,CARD,SUCCESS
PAY00070,TXN00070,INV00070,2026-07-06,CUST0172,81933.13,INR,CARD,SUCCESS
PAY00071,TXN00071,INV00071,2026-07-02,CUST0076,5098.26,INR,WALLET,SUCCESS
PAY00072,TXN00072,INV00072,2026-08-10,CUST0213,57779.25,INR,WALLET,SUCCESS
PAY00073,TXN00073,INV00073,2026-08-18,CUST0003,86113.84,INR,UPI,SUCCESS
PAY00074,TXN00074,INV00074,2026-07-30,CUST0266,5496.73,INR,CARD,SUCCESS
PAY00075,TXN00075,INV00075,2026-07-30,CUST0069,66923.98,INR,NETBANKING,SUCCESS
PAY00076,TXN00076,INV00076,2026-07-28,CUST0259,83141.63,INR,WALLET,SUCCESS
PAY00077,TXN00077,INV00077,2026-08-10,CUST0127,28092.48,INR,WALLET,SUCCESS
PAY00078,TXN00078,INV00078,2026-08-15,CUST0040,28929.95,INR,NETBANKING,SUCCESS
PAY00079,TXN00079,INV00079,2026-07-10,CUST0071,23510.52,INR,CARD,SUCCESS
PAY00080,TXN00080,INV00080,2026-07-22,CUST0209,54489.81,INR,WALLET,SUCCESS
PAY00081,TXN00081,INV00081,2026-08-14,CUST0300,2443.43,INR,WALLET,SUCCESS
PAY00082,TXN00082,INV00082,2026-07-27,CUST0200,54052.95,INR,CARD,SUCCESS
PAY00083,TXN00083,INV00083,2026-07-02,CUST0249,39191.29,INR,WALLET,SUCCESS
PAY00084,TXN00084,INV00084,2026-07-02,CUST0274,90739.42,INR,UPI,SUCCESS
PAY00085,TXN00085,INV00085,2026-07-12,CUST0237,5503.32,INR,WALLET,SUCCESS
PAY00086,TXN00086,INV00086,2026-08-18,CUST0173,88024.18,INR,NETBANKING,SUCCESS
PAY00087,TXN00087,INV00087,2026-07-31,CUST0042,2428.64,INR,UPI,SUCCESS
PAY00088,TXN00088,INV00088,2026-08-18,CUST0021,3587.48,INR,CARD,SUCCESS
PAY00089,TXN00089,INV00089,2026-07-16,CUST0079,13058.99,INR,UPI,SUCCESS
PAY00090,TXN00090,INV00090,2026-08-19,CUST0132,37205.07,INR,UPI,SUCCESS
PAY00091,TXN00091,INV00091,2026-08-07,CUST0056,3055.0,INR,NETBANKING,SUCCESS
PAY00092,TXN00092,INV00092,2026-07-05,CUST0102,59413.74,INR,CARD,SUCCESS
PAY00093,TXN00093,INV00093,2026-08-20,CUST0062,98392.51,INR,UPI,SUCCESS
PAY00094,TXN00094,INV00094,2026-07-05,CUST0190,50843.1,INR,NETBANKING,SUCCESS
PAY00095,TXN00095,INV00095,2026-07-28,CUST0055,96098.36,INR,WALLET,SUCCESS
PAY00096,TXN00096,INV00096,2026-08-11,CUST0268,27373.2,INR,WALLET,SUCCESS
PAY00097,TXN00097,INV00097,2026-07-21,CUST0138,85245.46,INR,UPI,SUCCESS
PAY00098,TXN00098,INV00098,2026-08-06,CUST0238,61228.0,INR,WALLET,SUCCESS
PAY00099,TXN00099,INV00099,2026-08-01,CUST0094,21605.93,INR,NETBANKING,SUCCESS
PAY00100,TXN00100,INV00100,2026-08-05,CUST0142,1510.04,INR,CARD,SUCCESS
PAY00101,TXN00101,INV00101,2026-08-05,CUST0251,75937.38,INR,WALLET,SUCCESS
PAY00102,TXN00102,INV00102,2026-07-06,CUST0009,29776.44,INR,WALLET,SUCCESS
PAY00103,TXN00103,INV00103,2026-07-24,CUST0298,47589.42,INR,NETBANKING,SUCCESS
PAY00104,TXN00104,INV00104,2026-07-23,CUST0170,70434.07,INR,NETBANKING,SUCCESS
PAY00105,TXN00105,INV00105,2026-07-21,CUST0099,12395.7,INR,CARD,SUCCESS
PAY00106,TXN00106,INV00106,2026-08-16,CUST0142,59163.9,INR,NETBANKING,SUCCESS
PAY00107,TXN00107,INV00107,2026-07-12,CUST0185,30575.63,INR,CARD,SUCCESS
PAY00108,TXN00108,INV00108,2026-08-14,CUST0150,94436.92,INR,WALLET,SUCCESS
PAY00109,TXN00109,INV00109,2026-07-31,CUST0146,48132.06,INR,NETBANKING,SUCCESS
PAY00110,TXN00110,INV00110,2026-07-08,CUST0245,82300.51,INR,WALLET,SUCCESS
PAY00111,TXN00111,INV00111,2026-07-10,CUST0028,15345.16,INR,NETBANKING,SUCCESS
PAY00112,TXN00112,INV00112,2026-08-18,CUST0286,41909.32,INR,CARD,SUCCESS
PAY00113,TXN00113,INV00113,2026-07-20,CUST0227,86086.58,INR,WALLET,SUCCESS
PAY00114,TXN00114,INV00114,2026-08-18,CUST0051,21174.9,INR,CARD,SUCCESS
PAY00115,TXN00115,INV00115,2026-07-12,CUST0123,55423.23,INR,CARD,SUCCESS
PAY00116,TXN00116,INV00116,2026-07-19,CUST0241,3747.67,INR,NETBANKING,SUCCESS
PAY00117,TXN00117,INV00117,2026-08-13,CUST0037,23725.67,INR,NETBANKING,SUCCESS
PAY00118,TXN00118,INV00118,2026-07-28,CUST0102,11920.24,INR,CARD,SUCCESS
PAY00119,TXN00119,INV00119,2026-07-04,CUST0037,17009.32,INR,NETBANKING,SUCCESS
PAY00120,TXN00120,INV00120,2026-07-08,CUST0225,47135.45,INR,NETBANKING,SUCCESS
PAY00121,TXN00121,INV00121,2026-08-01,CUST0277,44057.01,INR,UPI,SUCCESS
PAY00122,TXN00122,INV00122,2026-07-06,CUST0014,23277.98,INR,UPI,SUCCESS
PAY00123,TXN00123,INV00123,2026-07-31,CUST0090,52136.9,INR,WALLET,SUCCESS
PAY00124,TXN00124,INV00124,2026-08-10,CUST0224,81517.37,INR,UPI,SUCCESS
PAY00125,TXN00125,INV00125,2026-08-12,CUST0165,10907.69,INR,CARD,SUCCESS
PAY00126,TXN00126,INV00126,2026-08-12,CUST0148,94546.76,INR,UPI,SUCCESS
PAY00127,TXN00127,INV00127,2026-07-08,CUST0166,97033.38,INR,WALLET,SUCCESS
PAY00128,TXN00128,INV00128,2026-07-27,CUST0237,5893.31,INR,NETBANKING,SUCCESS
PAY00129,TXN00129,INV00129,2026-08-18,CUST0227,5635.37,INR,NETBANKING,SUCCESS
PAY00130,TXN00130,INV00130,2026-07-08,CUST0249,3372.51,INR,CARD,SUCCESS
PAY00131,TXN00131,INV00131,2026-08-05,CUST0008,41095.07,INR,CARD,SUCCESS
PAY00132,TXN00132,INV00132,2026-08-01,CUST0079,93298.98,INR,NETBANKING,SUCCESS
PAY00133,TXN00133,INV00133,2026-07-31,CUST0248,24751.23,INR,CARD,SUCCESS
PAY00134,TXN00134,INV00134,2026-07-05,CUST0070,27986.62,INR,WALLET,SUCCESS
PAY00135,TXN00135,INV00135,2026-07-19,CUST0002,72742.07,INR,WALLET,SUCCESS
PAY00136,TXN00136,INV00136,2026-08-05,CUST0171,76405.83,INR,WALLET,SUCCESS
PAY00137,TXN00137,INV00137,2026-08-06,CUST0123,38605.6,INR,WALLET,SUCCESS
PAY00138,TXN00138,INV00138,2026-07-25,CUST0196,98847.19,INR,CARD,SUCCESS
PAY00139,TXN00139,INV00139,2026-08-07,CUST0258,33533.47,INR,UPI,SUCCESS
PAY00140,TXN00140,INV00140,2026-07-01,CUST0234,72383.16,INR,WALLET,SUCCESS
PAY00141,TXN00141,INV00141,2026-07-22,CUST0136,62514.31,INR,WALLET,SUCCESS
PAY00142,TXN00142,INV00142,2026-07-25,CUST0274,95436.89,INR,WALLET,SUCCESS
PAY00143,TXN00143,INV00143,2026-07-15,CUST0148,74803.25,INR,WALLET,SUCCESS
PAY00144,TXN00144,INV00144,2026-07-11,CUST0228,69553.12,INR,UPI,SUCCESS
PAY00145,TXN00145,INV00145,2026-07-24,CUST0184,43353.34,INR,CARD,SUCCESS
PAY00146,TXN00146,INV00146,2026-07-11,CUST0093,17919.4,INR,WALLET,SUCCESS
PAY00147,TXN00147,INV00147,2026-07-10,CUST0299,23602.75,INR,NETBANKING,SUCCESS
PAY00148,TXN00148,INV00148,2026-07-19,CUST0239,67922.28,INR,CARD,SUCCESS
PAY00149,TXN00149,INV00149,2026-08-10,CUST0154,96221.89,INR,NETBANKING,SUCCESS
PAY00150,TXN00150,INV00150,2026-07-31,CUST0197,11112.0,INR,WALLET,SUCCESS
PAY00151,TXN00151,INV00151,2026-07-02,CUST0152,97805.48,INR,WALLET,SUCCESS
PAY00152,TXN00152,INV00152,2026-08-08,CUST0026,74644.63,INR,NETBANKING,SUCCESS
PAY00153,TXN00153,INV00153,2026-07-15,CUST0181,63843.48,INR,NETBANKING,SUCCESS
PAY00154,TXN00154,INV00154,2026-08-10,CUST0071,10167.81,INR,UPI,SUCCESS
PAY00155,TXN00155,INV00155,2026-07-24,CUST0297,73369.8,INR,UPI,SUCCESS
PAY00156,TXN00156,INV00156,2026-07-12,CUST0213,20479.08,INR,NETBANKING,SUCCESS
PAY00157,TXN00157,INV00157,2026-07-31,CUST0132,96754.72,INR,NETBANKING,SUCCESS
PAY00158,TXN00158,INV00158,2026-07-05,CUST0240,14505.32,INR,CARD,SUCCESS
PAY00159,TXN00159,INV00159,2026-07-24,CUST0286,9485.14,INR,WALLET,SUCCESS
PAY00160,TXN00160,INV00160,2026-07-24,CUST0233,67446.42,INR,NETBANKING,SUCCESS
PAY00161,TXN00161,INV00161,2026-08-13,CUST0056,23765.28,INR,UPI,SUCCESS
PAY00162,TXN00162,INV00162,2026-08-11,CUST0114,6790.1,INR,WALLET,SUCCESS
PAY00163,TXN00163,INV00163,2026-07-08,CUST0210,14407.81,INR,UPI,SUCCESS
PAY00164,TXN00164,INV00164,2026-07-16,CUST0050,88782.3,INR,CARD,SUCCESS
PAY00165,TXN00165,INV00165,2026-07-27,CUST0277,58940.36,INR,CARD,SUCCESS
PAY00166,TXN00166,INV00166,2026-07-18,CUST0209,3755.27,INR,NETBANKING,SUCCESS
PAY00167,TXN00167,INV00167,2026-07-07,CUST0186,98102.31,INR,NETBANKING,SUCCESS
PAY00168,TXN00168,INV00168,2026-07-26,CUST0032,27950.2,INR,UPI,SUCCESS
PAY00168_DUP,TXN00168_DUP,INV00168,2026-07-26,CUST0032,27950.2,INR,UPI,SUCCESS
PAY00169,TXN00169,INV00169,2026-08-11,CUST0109,64129.55,INR,UPI,SUCCESS
PAY00170,TXN00170,INV00170,2026-08-20,CUST0065,56675.51,INR,UPI,SUCCESS
PAY00171,TXN00171,INV00171,2026-07-15,CUST0111,33191.68,INR,CARD,SUCCESS
PAY00172,TXN00172,INV00172,2026-07-10,CUST0142,98758.97,INR,NETBANKING,SUCCESS
PAY00173,TXN00173,INV00173,2026-07-09,CUST0014,1978.6,INR,CARD,SUCCESS
PAY00174,TXN00174,INV00174,2026-07-04,CUST0136,13112.48,INR,WALLET,SUCCESS
PAY00175,TXN00175,INV00175,2026-07-29,CUST0244,77912.7,INR,UPI,SUCCESS
PAY00176,TXN00176,INV00176,2026-08-16,CUST0023,78431.09,INR,NETBANKING,SUCCESS
PAY00177,TXN00177,INV00177,2026-07-26,CUST0246,42914.23,INR,UPI,SUCCESS
PAY00178,TXN00178,INV00178,2026-07-21,CUST0042,61025.59,INR,UPI,SUCCESS
PAY00179,TXN00179,INV00179,2026-08-05,CUST0300,71359.2,INR,WALLET,SUCCESS
PAY00180,TXN00180,INV00180,2026-08-08,CUST0259,43304.83,INR,UPI,SUCCESS
PAY00181,TXN00181,INV00181,2026-07-28,CUST0111,45429.71,INR,CARD,SUCCESS
PAY00182,TXN00182,INV00182,2026-08-16,CUST0213,9961.04,INR,WALLET,SUCCESS
PAY00183,TXN00183,INV00183,2026-08-13,CUST0079,92337.01,INR,UPI,SUCCESS
PAY00184,TXN00184,INV00184,2026-07-07,CUST0222,74586.6,INR,NETBANKING,SUCCESS
PAY00185,TXN00185,INV00185,2026-08-05,CUST0288,33299.78,INR,UPI,SUCCESS
PAY00186,TXN00186,INV00186,2026-07-19,CUST0027,60240.8,INR,NETBANKING,SUCCESS
PAY00187,TXN00187,INV00187,2026-08-12,CUST0080,48477.84,INR,UPI,SUCCESS
PAY00188,TXN00188,INV00188,2026-08-18,CUST0059,28217.54,INR,CARD,SUCCESS
PAY00189,TXN00189,INV00189,2026-07-02,CUST0286,61094.99,INR,NETBANKING,SUCCESS
PAY00190,TXN00190,INV00190,2026-07-22,CUST0159,35426.83,INR,CARD,SUCCESS
PAY00191,TXN00191,INV00191,2026-08-17,CUST0073,63500.62,INR,UPI,SUCCESS
PAY00192,TXN00192,INV00192,2026-07-27,CUST0193,45637.76,INR,CARD,SUCCESS
PAY00193,TXN00193,INV00193,2026-08-08,CUST0291,8953.23,INR,UPI,SUCCESS
PAY00194,TXN00194,INV00194,2026-07-18,CUST0042,44589.74,INR,WALLET,SUCCESS
PAY00195,TXN00195,INV00195,2026-07-14,CUST0140,75616.84,INR,UPI,SUCCESS
PAY00196,TXN00196,INV00196,2026-08-03,CUST0250,66879.69,INR,UPI,SUCCESS
PAY00197,TXN00197,INV00197,2026-07-14,CUST0004,30491.23,INR,CARD,SUCCESS
PAY00198,TXN00198,INV00198,2026-07-08,CUST0168,1269.13,INR,WALLET,SUCCESS
PAY00199,TXN00199,INV00199,2026-08-02,CUST0118,56092.99,INR,NETBANKING,SUCCESS
PAY00200,TXN00200,INV00200,2026-07-02,CUST0224,46245.55,INR,UPI,SUCCESS
PAY00201,TXN00201,INV00201,2026-07-19,CUST0214,11959.75,INR,UPI,SUCCESS
PAY00202,TXN00202,INV00202,2026-07-06,CUST0186,43952.82,INR,UPI,SUCCESS
PAY00203,TXN00203,INV00203,2026-07-06,CUST0269,39878.79,INR,NETBANKING,SUCCESS
PAY00204,TXN00204,INV00204,2026-07-05,CUST0087,51293.09,INR,UPI,SUCCESS
PAY00205,TXN00205,INV00205,2026-08-16,CUST0180,95843.22,INR,CARD,SUCCESS
PAY00206,TXN00206,INV00206,2026-07-12,CUST0102,60438.7,INR,UPI,SUCCESS
PAY00207,TXN00207,INV00207,2026-08-18,CUST0238,56591.68,INR,WALLET,SUCCESS
PAY00208,TXN00208,INV00208,2026-08-10,CUST0166,31955.82,INR,WALLET,SUCCESS
PAY00209,TXN00209,INV00209,2026-08-20,CUST0156,27830.03,INR,UPI,SUCCESS
PAY00210,TXN00210,INV00210,2026-07-29,CUST0237,4241.92,INR,NETBANKING,SUCCESS
PAY00211,TXN00211,INV00211,2026-08-09,CUST0047,59610.94,INR,WALLET,SUCCESS
PAY00212,TXN00212,INV00212,2026-07-29,CUST0022,90950.47,INR,CARD,SUCCESS
PAY00213,TXN00213,INV00213,2026-07-04,CUST0078,45327.05,INR,NETBANKING,SUCCESS
PAY00214,TXN00214,INV00214,2026-07-16,CUST0021,70908.36,INR,WALLET,SUCCESS
PAY00215,TXN00215,INV00215,2026-07-24,CUST0187,91834.71,INR,WALLET,SUCCESS
PAY00216,TXN00216,INV00216,2026-08-20,CUST0027,63273.21,INR,NETBANKING,SUCCESS
PAY00217,TXN00217,INV00217,2026-07-19,CUST0198,25573.58,INR,CARD,SUCCESS
PAY00218,TXN00218,INV00218,2026-07-23,CUST0073,31368.06,INR,WALLET,SUCCESS
PAY00219,TXN00219,INV00219,2026-08-05,CUST0159,37979.59,INR,NETBANKING,SUCCESS
PAY00220,TXN00220,INV00220,2026-07-06,CUST0270,64779.47,INR,WALLET,SUCCESS
PAY00221,TXN00221,INV00221,2026-07-12,CUST0159,95141.35,INR,NETBANKING,SUCCESS
PAY00221_DUP,TXN00221_DUP,INV00221,2026-07-12,CUST0159,95141.35,INR,NETBANKING,SUCCESS
PAY00222,TXN00222,INV00222,2026-07-09,CUST0116,15917.04,INR,NETBANKING,SUCCESS
PAY00223,TXN00223,INV00223,2026-08-17,CUST0277,88426.38,INR,UPI,SUCCESS
PAY00224,TXN00224,INV00224,2026-07-10,CUST0193,16643.6,INR,CARD,SUCCESS
PAY00225,TXN00225,INV00225,2026-08-13,CUST0187,72098.77,INR,WALLET,SUCCESS
PAY00226,TXN00226,INV00226,2026-08-04,CUST0120,24297.27,INR,WALLET,SUCCESS
PAY00227,TXN00227,INV00227,2026-07-29,CUST0293,46437.16,INR,NETBANKING,SUCCESS
PAY00228,TXN00228,INV00228,2026-07-11,CUST0215,81780.68,INR,CARD,SUCCESS
PAY00229,TXN00229,INV00229,2026-08-05,CUST0191,93462.21,INR,UPI,SUCCESS
PAY00230,TXN00230,INV00230,2026-08-02,CUST0231,15161.19,INR,WALLET,SUCCESS
PAY00231,TXN00231,INV00231,2026-07-02,CUST0179,41782.24,INR,WALLET,SUCCESS
PAY00232,TXN00232,INV00232,2026-07-24,CUST0042,22841.61,INR,NETBANKING,SUCCESS
PAY00232_DUP,TXN00232_DUP,INV00232,2026-07-24,CUST0042,22841.61,INR,NETBANKING,SUCCESS
PAY00233,TXN00233,INV00233,2026-08-20,CUST0172,15031.91,INR,UPI,SUCCESS
PAY00234,TXN00234,INV00234,2026-08-18,CUST0072,70700.85,INR,WALLET,SUCCESS
PAY00235,TXN00235,INV00235,2026-07-14,CUST0132,83578.83,INR,WALLET,SUCCESS
PAY00236,TXN00236,INV00236,2026-07-08,CUST0155,5251.07,INR,WALLET,SUCCESS
PAY00237,TXN00237,INV00237,2026-07-08,CUST0033,83750.43,INR,WALLET,SUCCESS
PAY00238,TXN00238,INV00238,2026-08-06,CUST0264,24572.84,INR,CARD,SUCCESS
PAY00239,TXN00239,INV00239,2026-07-16,CUST0181,57281.04,INR,CARD,SUCCESS
PAY00240,TXN00240,INV00240,2026-07-05,CUST0185,95363.67,INR,UPI,SUCCESS
PAY00241,TXN00241,INV00241,2026-07-24,CUST0199,25738.2,INR,UPI,SUCCESS
PAY00242,TXN00242,INV00242,2026-08-16,CUST0124,65881.89,INR,UPI,SUCCESS
PAY00243,TXN00243,INV00243,2026-07-03,CUST0069,35553.76,INR,NETBANKING,SUCCESS
PAY00244,TXN00244,INV00244,2026-08-14,CUST0238,48113.85,INR,CARD,SUCCESS
PAY00245,TXN00245,INV00245,2026-07-03,CUST0235,29697.54,INR,UPI,SUCCESS
PAY00246,TXN00246,INV00246,2026-08-02,CUST0159,40123.29,INR,WALLET,SUCCESS
PAY00247,TXN00247,INV00247,2026-07-23,CUST0147,86282.78,INR,UPI,SUCCESS
PAY00248,TXN00248,INV00248,2026-07-28,CUST0189,89003.91,INR,WALLET,SUCCESS
PAY00249,TXN00249,INV00249,2026-08-14,CUST0255,50003.58,INR,NETBANKING,SUCCESS
PAY00250,TXN00250,INV00250,2026-07-28,CUST0041,60444.1,INR,CARD,SUCCESS
PAY00251,TXN00251,INV00251,2026-07-21,CUST0041,66261.46,INR,NETBANKING,SUCCESS
PAY00252,TXN00252,INV00252,2026-08-14,CUST0086,44668.88,INR,WALLET,SUCCESS
PAY00253,TXN00253,INV00253,2026-07-18,CUST0223,64127.2,INR,UPI,SUCCESS
PAY00254,TXN00254,INV00254,2026-08-02,CUST0187,80209.05,INR,CARD,SUCCESS
PAY00255,TXN00255,INV00255,2026-07-03,CUST0225,13059.89,INR,CARD,SUCCESS
PAY00256,TXN00256,INV00256,2026-08-06,CUST0197,3722.34,INR,CARD,SUCCESS
PAY00257,TXN00257,INV00257,2026-08-18,CUST0228,8150.1,INR,CARD,SUCCESS
PAY00258,TXN00258,INV00258,2026-07-16,CUST0143,96071.75,INR,UPI,SUCCESS
PAY00259,TXN00259,INV00259,2026-08-05,CUST0199,12217.22,INR,NETBANKING,SUCCESS
PAY00260,TXN00260,INV00260,2026-08-14,CUST0147,91689.65,INR,WALLET,SUCCESS
PAY00261,TXN00261,INV00261,2026-07-12,CUST0232,89918.56,INR,WALLET,SUCCESS
PAY00262,TXN00262,INV00262,2026-08-05,CUST0034,54446.05,INR,NETBANKING,SUCCESS
PAY00263,TXN00263,INV00263,2026-08-20,CUST0090,36468.47,INR,CARD,SUCCESS
PAY00264,TXN00264,INV00264,2026-08-20,CUST0122,49655.18,INR,NETBANKING,SUCCESS
PAY00265,TXN00265,INV00265,2026-07-09,CUST0283,61388.86,INR,UPI,SUCCESS
PAY00266,TXN00266,INV00266,2026-08-03,CUST0246,41374.11,INR,WALLET,SUCCESS
PAY00267,TXN00267,INV00267,2026-08-11,CUST0163,7879.42,INR,WALLET,SUCCESS
PAY00268,TXN00268,INV00268,2026-08-10,CUST0283,58984.71,INR,CARD,SUCCESS
PAY00269,TXN00269,INV00269,2026-07-10,CUST0266,30760.39,INR,CARD,SUCCESS
PAY00270,TXN00270,INV00270,2026-08-03,CUST0178,89545.13,INR,UPI,SUCCESS
PAY00271,TXN00271,INV00271,2026-07-09,CUST0141,62689.72,INR,UPI,SUCCESS
PAY00272,TXN00272,INV00272,2026-07-10,CUST0298,17534.46,INR,NETBANKING,SUCCESS
PAY00273,TXN00273,INV00273,2026-07-06,CUST0015,5023.45,INR,NETBANKING,SUCCESS
PAY00274,TXN00274,INV00274,2026-08-01,CUST0016,88955.19,INR,NETBANKING,SUCCESS
PAY00275,TXN00275,INV00275,2026-08-13,CUST0126,40906.21,INR,WALLET,SUCCESS
PAY00276,TXN00276,INV00276,2026-07-27,CUST0226,48682.99,INR,CARD,SUCCESS
PAY00277,TXN00277,INV00277,2026-08-16,CUST0164,98808.33,INR,NETBANKING,SUCCESS
PAY00278,TXN00278,INV00278,2026-07-07,CUST0288,32252.03,INR,WALLET,SUCCESS
PAY00279,TXN00279,INV00279,2026-07-07,CUST0073,5535.23,INR,WALLET,SUCCESS
PAY00280,TXN00280,INV00280,2026-07-21,CUST0082,93408.28,INR,NETBANKING,SUCCESS
PAY00281,TXN00281,INV00281,2026-07-30,CUST0264,50126.59,INR,NETBANKING,SUCCESS
PAY00282,TXN00282,INV00282,2026-07-30,CUST0259,96685.32,INR,CARD,SUCCESS
PAY00283,TXN00283,INV00283,2026-08-01,CUST0145,59953.12,INR,WALLET,SUCCESS
PAY00284,TXN00284,INV00284,2026-07-09,CUST0221,88304.35,INR,NETBANKING,SUCCESS
PAY00285,TXN00285,INV00285,2026-07-04,CUST0206,57243.02,INR,CARD,SUCCESS
PAY00286,TXN00286,INV00286,2026-08-02,CUST0198,45310.26,INR,NETBANKING,SUCCESS
PAY00287,TXN00287,INV00287,2026-07-09,CUST0061,97520.74,INR,WALLET,SUCCESS
PAY00288,TXN00288,INV00288,2026-08-18,CUST0188,14854.6,INR,WALLET,SUCCESS
PAY00289,TXN00289,INV00289,2026-08-15,CUST0071,33637.55,INR,WALLET,SUCCESS
PAY00290,TXN00290,INV00290,2026-07-09,CUST0264,33132.6,INR,NETBANKING,SUCCESS
PAY00291,TXN00291,INV00291,2026-08-07,CUST0154,33969.16,INR,WALLET,SUCCESS
PAY00292,TXN00292,INV00292,2026-07-24,CUST0009,33458.34,INR,UPI,SUCCESS
PAY00293,TXN00293,INV00293,2026-08-08,CUST0014,47721.73,INR,CARD,SUCCESS
PAY00294,TXN00294,INV00294,2026-08-03,CUST0088,63088.01,INR,WALLET,SUCCESS
PAY00295,TXN00295,INV00295,2026-08-06,CUST0017,94846.41,INR,UPI,SUCCESS
PAY00296,TXN00296,INV00296,2026-07-10,CUST0215,41589.53,INR,CARD,SUCCESS
PAY00297,TXN00297,INV00297,2026-08-15,CUST0032,14239.21,INR,CARD,SUCCESS
PAY00298,TXN00298,INV00298,2026-07-25,CUST0270,31718.38,INR,CARD,SUCCESS
PAY00299,TXN00299,INV00299,2026-07-23,CUST0280,67748.92,INR,NETBANKING,SUCCESS
PAY00300,TXN00300,INV00300,2026-08-05,CUST0143,30200.67,INR,NETBANKING,SUCCESS
PAY00301,TXN00301,INV00301,2026-07-21,CUST0251,48240.44,INR,NETBANKING,SUCCESS
PAY00302,TXN00302,INV00302,2026-07-25,CUST0279,89628.17,INR,WALLET,SUCCESS
PAY00303,TXN00303,INV00303,2026-07-19,CUST0022,95553.71,INR,UPI,SUCCESS
PAY00304,TXN00304,INV00304,2026-08-17,CUST0132,48168.39,INR,CARD,SUCCESS
PAY00305,TXN00305,INV00305,2026-07-09,CUST0140,11368.04,INR,CARD,SUCCESS
PAY00306,TXN00306,INV00306,2026-08-10,CUST0116,23667.24,INR,UPI,SUCCESS
PAY00307,TXN00307,INV00307,2026-08-13,CUST0052,77191.22,INR,UPI,SUCCESS
PAY00308,TXN00308,INV00308,2026-07-31,CUST0244,65228.6,INR,NETBANKING,SUCCESS
PAY00309,TXN00309,INV00309,2026-08-11,CUST0046,57626.27,INR,UPI,SUCCESS
PAY00310,TXN00310,INV00310,2026-07-03,CUST0091,99718.59,INR,WALLET,SUCCESS
PAY00311,TXN00311,INV00311,2026-07-03,CUST0149,1422.08,INR,UPI,SUCCESS
PAY00312,TXN00312,INV00312,2026-08-11,CUST0233,54558.4,INR,WALLET,SUCCESS
PAY00313,TXN00313,INV00313,2026-07-08,CUST0099,33403.07,INR,WALLET,SUCCESS
PAY00314,TXN00314,INV00314,2026-08-17,CUST0008,34042.66,INR,NETBANKING,SUCCESS
PAY00315,TXN00315,INV00315,2026-07-28,CUST0208,51770.43,INR,UPI,SUCCESS
PAY00316,TXN00316,INV00316,2026-07-31,CUST0072,32698.37,INR,CARD,SUCCESS
PAY00317,TXN00317,INV00317,2026-08-18,CUST0229,27065.94,INR,NETBANKING,SUCCESS
PAY00318,TXN00318,INV00318,2026-07-17,CUST0006,65541.5,INR,CARD,SUCCESS
PAY00319,TXN00319,INV00319,2026-07-11,CUST0158,40838.95,INR,NETBANKING,SUCCESS
PAY00320,TXN00320,INV00320,2026-08-09,CUST0189,22474.5,INR,CARD,SUCCESS
PAY00321,TXN00321,INV00321,2026-07-27,CUST0192,70343.1,INR,WALLET,SUCCESS
PAY00322,TXN00322,INV00322,2026-08-13,CUST0127,75596.59,INR,UPI,SUCCESS
PAY00323,TXN00323,INV00323,2026-07-05,CUST0186,91765.85,INR,UPI,SUCCESS
PAY00324,TXN00324,INV00324,2026-08-06,CUST0104,53897.69,INR,CARD,SUCCESS
PAY00325,TXN00325,INV00325,2026-08-13,CUST0060,20937.45,INR,WALLET,SUCCESS
PAY00326,TXN00326,INV00326,2026-07-30,CUST0029,13628.46,INR,WALLET,SUCCESS
PAY00327,TXN00327,INV00327,2026-08-13,CUST0237,80788.08,INR,UPI,SUCCESS
PAY00328,TXN00328,INV00328,2026-08-07,CUST0112,7766.44,INR,WALLET,SUCCESS
PAY00329,TXN00329,INV00329,2026-07-05,CUST0031,98620.66,INR,WALLET,SUCCESS
PAY00330,TXN00330,INV00330,2026-08-19,CUST0070,64331.74,INR,WALLET,SUCCESS
PAY00331,TXN00331,INV00331,2026-07-25,CUST0194,8484.87,INR,CARD,SUCCESS
PAY00332,TXN00332,INV00332,2026-08-04,CUST0092,39609.33,INR,CARD,SUCCESS
PAY00333,TXN00333,INV00333,2026-07-20,CUST0012,46568.89,INR,WALLET,SUCCESS
PAY00334,TXN00334,INV00334,2026-07-23,CUST0236,15934.58,INR,CARD,SUCCESS
PAY00334_DUP,TXN00334_DUP,INV00334,2026-07-23,CUST0236,15934.58,INR,CARD,SUCCESS
PAY00335,TXN00335,INV00335,2026-08-12,CUST0017,42214.44,INR,UPI,SUCCESS
PAY00336,TXN00336,INV00336,2026-07-29,CUST0018,59979.6,INR,UPI,SUCCESS
PAY00337,TXN00337,INV00337,2026-07-15,CUST0225,54206.1,INR,UPI,SUCCESS
PAY00338,TXN00338,INV00338,2026-07-21,CUST0295,57958.74,INR,NETBANKING,SUCCESS
PAY00339,TXN00339,INV00339,2026-07-15,CUST0267,41649.24,INR,NETBANKING,SUCCESS
PAY00340,TXN00340,INV00340,2026-08-10,CUST0090,68035.64,INR,WALLET,SUCCESS
PAY00341,TXN00341,INV00341,2026-08-20,CUST0196,52684.07,INR,WALLET,SUCCESS
PAY00342,TXN00342,INV00342,2026-08-18,CUST0095,54023.86,INR,CARD,SUCCESS
PAY00343,TXN00343,INV00343,2026-07-30,CUST0074,91516.75,INR,WALLET,SUCCESS
PAY00344,TXN00344,INV00344,2026-07-17,CUST0125,20732.0,INR,UPI,SUCCESS
PAY00345,TXN00345,INV00345,2026-08-16,CUST0275,83025.93,INR,UPI,SUCCESS
PAY00346,TXN00346,INV00346,2026-07-05,CUST0021,19222.25,INR,CARD,SUCCESS
PAY00347,TXN00347,INV00347,2026-07-14,CUST0008,93747.4,INR,UPI,SUCCESS
PAY00348,TXN00348,INV00348,2026-07-26,CUST0105,91555.08,INR,NETBANKING,SUCCESS
PAY00349,TXN00349,INV00349,2026-08-11,CUST0274,36246.33,INR,NETBANKING,SUCCESS
PAY00350,TXN00350,INV00350,2026-08-16,CUST0051,47214.3,INR,NETBANKING,SUCCESS
PAY00351,TXN00351,INV00351,2026-07-03,CUST0212,56471.21,INR,CARD,SUCCESS
PAY00352,TXN00352,INV00352,2026-08-07,CUST0284,58124.72,INR,WALLET,SUCCESS
PAY00353,TXN00353,INV00353,2026-07-25,CUST0118,57194.06,INR,CARD,SUCCESS
PAY00354,TXN00354,INV00354,2026-07-17,CUST0173,76454.38,INR,WALLET,SUCCESS
PAY00355,TXN00355,INV00355,2026-08-16,CUST0087,79600.06,INR,CARD,SUCCESS
PAY00356,TXN00356,INV00356,2026-08-04,CUST0095,99037.19,INR,UPI,SUCCESS
PAY00357,TXN00357,INV00357,2026-08-18,CUST0025,1135.19,INR,CARD,SUCCESS
PAY00358,TXN00358,INV00358,2026-07-01,CUST0078,22262.61,INR,WALLET,SUCCESS
PAY00359,TXN00359,INV00359,2026-08-12,CUST0248,49041.51,INR,UPI,SUCCESS
PAY00360,TXN00360,INV00360,2026-08-03,CUST0009,72358.18,INR,NETBANKING,SUCCESS
PAY00361,TXN00361,INV00361,2026-07-12,CUST0221,11148.13,INR,UPI,SUCCESS
PAY00362,TXN00362,INV00362,2026-07-17,CUST0270,81613.83,INR,NETBANKING,SUCCESS
PAY00363,TXN00363,INV00363,2026-07-30,CUST0208,56717.72,INR,CARD,SUCCESS
PAY00364,TXN00364,INV00364,2026-07-06,CUST0017,40825.19,INR,WALLET,SUCCESS
PAY00365,TXN00365,INV00365,2026-08-14,CUST0005,17552.67,INR,WALLET,SUCCESS
PAY00366,TXN00366,INV00366,2026-07-07,CUST0290,89531.73,INR,UPI,SUCCESS
PAY00367,TXN00367,INV00367,2026-07-18,CUST0244,5132.92,INR,UPI,SUCCESS
PAY00368,TXN00368,INV00368,2026-08-12,CUST0289,3773.73,INR,NETBANKING,SUCCESS
PAY00369,TXN00369,INV00369,2026-08-18,CUST0074,82158.73,INR,WALLET,SUCCESS
PAY00370,TXN00370,INV00370,2026-07-16,CUST0289,56886.24,INR,WALLET,SUCCESS
PAY00371,TXN00371,INV00371,2026-08-18,CUST0197,74104.64,INR,UPI,SUCCESS
PAY00372,TXN00372,INV00372,2026-07-28,CUST0051,23598.33,INR,UPI,SUCCESS
PAY00373,TXN00373,INV00373,2026-08-19,CUST0204,32974.48,INR,NETBANKING,SUCCESS
PAY00374,TXN00374,INV00374,2026-07-23,CUST0117,55527.25,INR,WALLET,SUCCESS
PAY00375,TXN00375,INV00375,2026-07-06,CUST0195,77330.66,INR,NETBANKING,SUCCESS
PAY00376,TXN00376,INV00376,2026-07-18,CUST0043,15844.99,INR,CARD,SUCCESS
PAY00377,TXN00377,INV00377,2026-07-06,CUST0055,1016.92,INR,NETBANKING,SUCCESS
PAY00378,TXN00378,INV00378,2026-07-06,CUST0068,19145.48,INR,WALLET,SUCCESS
PAY00379,TXN00379,INV00379,2026-07-02,CUST0053,9417.07,INR,UPI,SUCCESS
PAY00380,TXN00380,INV00380,2026-07-19,CUST0007,41674.1,INR,UPI,SUCCESS
PAY00381,TXN00381,INV00381,2026-08-03,CUST0293,17373.5,INR,WALLET,SUCCESS
PAY00382,TXN00382,INV00382,2026-08-01,CUST0138,15020.51,INR,CARD,SUCCESS
PAY00383,TXN00383,INV00383,2026-08-20,CUST0248,8153.68,INR,NETBANKING,SUCCESS
PAY00383_DUP,TXN00383_DUP,INV00383,2026-08-20,CUST0248,8153.68,INR,NETBANKING,SUCCESS
PAY00384,TXN00384,INV00384,2026-08-08,CUST0254,61858.54,INR,WALLET,SUCCESS
PAY00385,TXN00385,INV00385,2026-07-22,CUST0203,84240.53,INR,WALLET,SUCCESS
PAY00386,TXN00386,INV00386,2026-07-28,CUST0172,81639.81,INR,CARD,SUCCESS
PAY00387,TXN00387,INV00387,2026-07-31,CUST0103,31761.24,INR,WALLET,SUCCESS
PAY00388,TXN00388,INV00388,2026-08-06,CUST0252,78306.45,INR,NETBANKING,SUCCESS
PAY00389,TXN00389,INV00389,2026-08-06,CUST0059,20380.1,INR,CARD,SUCCESS
PAY00390,TXN00390,INV00390,2026-08-15,CUST0237,21360.02,INR,NETBANKING,SUCCESS
PAY00391,TXN00391,INV00391,2026-07-09,CUST0256,63516.94,INR,CARD,SUCCESS
PAY00392,TXN00392,INV00392,2026-08-20,CUST0217,38010.59,INR,WALLET,SUCCESS
PAY00393,TXN00393,INV00393,2026-08-02,CUST0274,92387.83,INR,WALLET,SUCCESS
PAY00394,TXN00394,INV00394,2026-08-08,CUST0275,63998.95,INR,UPI,SUCCESS
PAY00395,TXN00395,INV00395,2026-07-11,CUST0182,64876.48,INR,UPI,SUCCESS
PAY00396,TXN00396,INV00396,2026-08-18,CUST0205,33493.87,INR,WALLET,SUCCESS
PAY00397,TXN00397,INV00397,2026-08-02,CUST0114,74811.88,INR,CARD,SUCCESS
PAY00398,TXN00398,INV00398,2026-07-10,CUST0257,34824.26,INR,UPI,SUCCESS
PAY00399,TXN00399,INV00399,2026-07-08,CUST0044,83216.12,INR,CARD,SUCCESS
PAY00400,TXN00400,INV00400,2026-08-03,CUST0106,48551.14,INR,WALLET,SUCCESS
PAY00401,TXN00401,INV00401,2026-07-21,CUST0232,7183.85,INR,UPI,SUCCESS
PAY00402,TXN00402,INV00402,2026-08-11,CUST0176,11381.59,INR,CARD,SUCCESS
PAY00403,TXN00403,INV00403,2026-07-12,CUST0265,55415.07,INR,NETBANKING,SUCCESS
PAY00404,TXN00404,INV00404,2026-08-10,CUST0208,18852.95,INR,WALLET,SUCCESS
PAY00405,TXN00405,INV00405,2026-07-29,CUST0102,59424.21,INR,WALLET,SUCCESS
PAY00406,TXN00406,INV00406,2026-08-18,CUST0143,70524.09,INR,UPI,SUCCESS
PAY00407,TXN00407,INV00407,2026-07-21,CUST0188,20108.89,INR,UPI,SUCCESS
PAY00408,TXN00408,INV00408,2026-08-08,CUST0161,39169.61,INR,WALLET,SUCCESS
PAY00409,TXN00409,INV00409,2026-08-09,CUST0235,17666.49,INR,NETBANKING,SUCCESS
PAY00410,TXN00410,INV00410,2026-07-21,CUST0069,12227.23,INR,NETBANKING,SUCCESS
PAY00411,TXN00411,INV00411,2026-08-02,CUST0073,39152.1,INR,CARD,SUCCESS
PAY00412,TXN00412,INV00412,2026-08-10,CUST0250,53969.24,INR,CARD,SUCCESS
PAY00413,TXN00413,INV00413,2026-07-12,CUST0072,31800.71,INR,WALLET,SUCCESS
PAY00414,TXN00414,INV00414,2026-07-09,CUST0249,19915.28,INR,WALLET,SUCCESS
PAY00415,TXN00415,INV00415,2026-07-27,CUST0252,71159.17,INR,WALLET,SUCCESS
PAY00416,TXN00416,INV00416,2026-08-20,CUST0016,76225.13,INR,NETBANKING,SUCCESS
PAY00417,TXN00417,INV00417,2026-07-11,CUST0148,78183.65,INR,WALLET,SUCCESS
PAY00418,TXN00418,INV00418,2026-07-18,CUST0059,77623.75,INR,NETBANKING,SUCCESS
PAY00419,TXN00419,INV00419,2026-08-04,CUST0226,22244.92,INR,WALLET,SUCCESS
PAY00420,TXN00420,INV00420,2026-07-03,CUST0153,45248.37,INR,NETBANKING,SUCCESS
PAY00421,TXN00421,INV00421,2026-08-19,CUST0061,81282.95,INR,CARD,SUCCESS
PAY00422,TXN00422,INV00422,2026-08-15,CUST0180,61221.05,INR,WALLET,SUCCESS
PAY00423,TXN00423,INV00423,2026-07-04,CUST0106,57222.4,INR,NETBANKING,SUCCESS
PAY00424,TXN00424,INV00424,2026-07-19,CUST0150,57487.19,INR,UPI,SUCCESS
PAY00425,TXN00425,INV00425,2026-08-11,CUST0142,13125.37,INR,CARD,SUCCESS
PAY00426,TXN00426,INV00426,2026-08-18,CUST0127,84433.79,INR,WALLET,SUCCESS
PAY00427,TXN00427,INV00427,2026-08-10,CUST0138,41715.4,INR,WALLET,SUCCESS
PAY00428,TXN00428,INV00428,2026-08-17,CUST0264,28183.46,INR,NETBANKING,SUCCESS
PAY00429,TXN00429,INV00429,2026-07-01,CUST0298,86956.32,INR,UPI,SUCCESS
PAY00430,TXN00430,INV00430,2026-07-05,CUST0184,79669.95,INR,WALLET,SUCCESS
PAY00431,TXN00431,INV00431,2026-07-18,CUST0254,32625.08,INR,NETBANKING,SUCCESS
PAY00432,TXN00432,INV00432,2026-08-01,CUST0290,78936.21,INR,UPI,SUCCESS
PAY00433,TXN00433,INV00433,2026-07-08,CUST0009,92978.57,INR,CARD,SUCCESS
PAY00434,TXN00434,INV00434,2026-08-14,CUST0104,90986.02,INR,NETBANKING,SUCCESS
PAY00435,TXN00435,INV00435,2026-07-17,CUST0185,8700.84,INR,CARD,SUCCESS
PAY00436,TXN00436,INV00436,2026-07-28,CUST0120,65720.78,INR,UPI,SUCCESS
PAY00437,TXN00437,INV00437,2026-08-07,CUST0068,23005.99,INR,WALLET,SUCCESS
PAY00438,TXN00438,INV00438,2026-07-28,CUST0062,69556.08,INR,WALLET,SUCCESS
PAY00439,TXN00439,INV00439,2026-07-07,CUST0053,31678.47,INR,NETBANKING,SUCCESS
PAY00440,TXN00440,INV00440,2026-07-05,CUST0074,53285.57,INR,UPI,SUCCESS
PAY00441,TXN00441,INV00441,2026-08-16,CUST0180,21699.02,INR,CARD,SUCCESS
PAY00442,TXN00442,INV00442,2026-07-14,CUST0227,9125.46,INR,UPI,SUCCESS
PAY00443,TXN00443,INV00443,2026-07-23,CUST0197,96343.25,INR,NETBANKING,SUCCESS
PAY00444,TXN00444,INV00444,2026-07-16,CUST0044,55562.96,INR,NETBANKING,SUCCESS
PAY00445,TXN00445,INV00445,2026-07-14,CUST0155,52016.04,INR,CARD,SUCCESS
PAY00446,TXN00446,INV00446,2026-08-20,CUST0028,89842.3,INR,CARD,SUCCESS
PAY00447,TXN00447,INV00447,2026-08-10,CUST0256,59596.01,INR,UPI,SUCCESS
PAY00448,TXN00448,INV00448,2026-07-27,CUST0292,36858.54,INR,CARD,SUCCESS
PAY00449,TXN00449,INV00449,2026-07-01,CUST0035,26587.44,INR,UPI,SUCCESS
PAY00450,TXN00450,INV00450,2026-08-10,CUST0147,71406.59,INR,WALLET,SUCCESS
PAY00451,TXN00451,INV00451,2026-08-04,CUST0275,61796.68,INR,NETBANKING,SUCCESS
PAY00452,TXN00452,INV00452,2026-07-10,CUST0105,53870.82,INR,WALLET,SUCCESS
PAY00453,TXN00453,INV00453,2026-07-20,CUST0034,70018.25,INR,CARD,SUCCESS
PAY00454,TXN00454,INV00454,2026-07-30,CUST0060,61423.53,INR,UPI,SUCCESS
PAY00455,TXN00455,INV00455,2026-07-08,CUST0090,1760.16,INR,CARD,SUCCESS
PAY00456,TXN00456,INV00456,2026-08-03,CUST0178,51963.67,INR,NETBANKING,SUCCESS
PAY00457,TXN00457,INV00457,2026-08-16,CUST0138,88698.27,INR,UPI,SUCCESS
PAY00458,TXN00458,INV00458,2026-07-05,CUST0269,26663.49,INR,UPI,SUCCESS
PAY00459,TXN00459,INV00459,2026-08-01,CUST0029,86006.3,INR,CARD,SUCCESS
PAY00460,TXN00460,INV00460,2026-08-13,CUST0294,72416.45,INR,CARD,SUCCESS
PAY00461,TXN00461,INV00461,2026-07-16,CUST0007,5075.16,INR,NETBANKING,SUCCESS
PAY00462,TXN00462,INV00462,2026-08-05,CUST0019,80409.99,INR,WALLET,SUCCESS
PAY00463,TXN00463,INV00463,2026-07-18,CUST0164,82686.7,INR,NETBANKING,SUCCESS
PAY00464,TXN00464,INV00464,2026-07-15,CUST0092,80531.63,INR,UPI,SUCCESS
PAY00465,TXN00465,INV00465,2026-07-21,CUST0160,9095.36,INR,WALLET,SUCCESS
PAY00466,TXN00466,INV00466,2026-08-20,CUST0289,30738.98,INR,CARD,SUCCESS
PAY00467,TXN00467,INV00467,2026-08-16,CUST0101,90094.11,INR,CARD,SUCCESS
PAY00468,TXN00468,INV00468,2026-08-04,CUST0120,34969.16,INR,UPI,SUCCESS
PAY00469,TXN00469,INV00469,2026-07-07,CUST0158,20916.84,INR,CARD,SUCCESS
PAY00470,TXN00470,INV00470,2026-07-06,CUST0144,4868.08,INR,CARD,SUCCESS
PAY00471,TXN00471,INV00471,2026-07-30,CUST0191,97468.2,INR,UPI,SUCCESS
PAY00472,TXN00472,INV00472,2026-07-05,CUST0202,59393.63,INR,UPI,SUCCESS
PAY00473,TXN00473,INV00473,2026-07-17,CUST0150,85165.91,INR,WALLET,SUCCESS
PAY00474,TXN00474,INV00474,2026-07-29,CUST0163,27559.61,INR,UPI,SUCCESS
PAY00474_DUP,TXN00474_DUP,INV00474,2026-07-29,CUST0163,27559.61,INR,UPI,SUCCESS
PAY00475,TXN00475,INV00475,2026-07-10,CUST0056,11012.95,INR,WALLET,SUCCESS
PAY00476,TXN00476,INV00476,2026-07-23,CUST0275,96481.15,INR,CARD,SUCCESS
PAY00477,TXN00477,INV00477,2026-07-06,CUST0062,16182.73,INR,NETBANKING,SUCCESS
PAY00478,TXN00478,INV00478,2026-07-14,CUST0021,83674.51,INR,NETBANKING,SUCCESS
PAY00479,TXN00479,INV00479,2026-07-26,CUST0183,51589.24,INR,NETBANKING,SUCCESS
PAY00480,TXN00480,INV00480,2026-07-29,CUST0208,55817.4,INR,CARD,SUCCESS
PAY00481,TXN00481,INV00481,2026-07-01,CUST0063,6636.08,INR,CARD,SUCCESS
PAY00482,TXN00482,INV00482,2026-08-07,CUST0044,58818.82,INR,UPI,SUCCESS
PAY00483,TXN00483,INV00483,2026-07-09,CUST0228,9651.87,INR,NETBANKING,SUCCESS
PAY00484,TXN00484,INV00484,2026-08-06,CUST0087,43599.06,INR,WALLET,SUCCESS
PAY00485,TXN00485,INV00485,2026-07-12,CUST0219,35717.35,INR,CARD,SUCCESS
PAY00486,TXN00486,INV00486,2026-08-09,CUST0018,62108.07,INR,CARD,SUCCESS
PAY00487,TXN00487,INV00487,2026-07-31,CUST0282,6567.42,INR,NETBANKING,SUCCESS
PAY00488,TXN00488,INV00488,2026-07-16,CUST0270,63260.06,INR,UPI,SUCCESS
PAY00489,TXN00489,INV00489,2026-08-20,CUST0279,48725.61,INR,NETBANKING,SUCCESS
PAY00490,TXN00490,INV00490,2026-08-08,CUST0164,22292.51,INR,NETBANKING,SUCCESS
PAY00491,TXN00491,INV00491,2026-08-19,CUST0184,58606.9,INR,CARD,SUCCESS
PAY00492,TXN00492,INV00492,2026-08-04,CUST0137,81720.37,INR,UPI,SUCCESS
PAY00493,TXN00493,INV00493,2026-07-23,CUST0199,93553.0,INR,CARD,SUCCESS
PAY00494,TXN00494,INV00494,2026-08-07,CUST0184,3306.55,INR,NETBANKING,SUCCESS
PAY00494_DUP,TXN00494_DUP,INV00494,2026-08-07,CUST0184,3306.55,INR,NETBANKING,SUCCESS
PAY00495,TXN00495,INV00495,2026-07-13,CUST0289,83751.34,INR,WALLET,SUCCESS
PAY00496,TXN00496,INV00496,2026-07-06,CUST0020,6088.71,INR,CARD,SUCCESS
PAY00497,TXN00497,INV00497,2026-08-09,CUST0170,20545.71,INR,CARD,SUCCESS
PAY00498,TXN00498,INV00498,2026-07-02,CUST0031,15197.35,INR,CARD,SUCCESS
PAY00499,TXN00499,INV00499,2026-07-24,CUST0038,70601.53,INR,WALLET,SUCCESS
PAY00500,TXN00500,INV00500,2026-07-09,CUST0166,97598.14,INR,WALLET,SUCCESS
PAY00501,TXN00501,INV00501,2026-07-12,CUST0163,70864.7,INR,NETBANKING,SUCCESS
PAY00502,TXN00502,INV00502,2026-07-20,CUST0194,73532.5,INR,NETBANKING,SUCCESS
PAY00503,TXN00503,INV00503,2026-07-26,CUST0294,85150.32,INR,UPI,SUCCESS
PAY00504,TXN00504,INV00504,2026-08-10,CUST0114,56772.25,INR,WALLET,SUCCESS
PAY00505,TXN00505,INV00505,2026-07-23,CUST0122,98246.78,INR,CARD,SUCCESS
PAY00506,TXN00506,INV00506,2026-07-29,CUST0172,1633.86,INR,CARD,SUCCESS
PAY00507,TXN00507,INV00507,2026-08-20,CUST0132,11249.44,INR,UPI,SUCCESS
PAY00508,TXN00508,INV00508,2026-07-11,CUST0215,88512.92,INR,WALLET,SUCCESS
PAY00509,TXN00509,INV00509,2026-08-20,CUST0246,86473.05,INR,CARD,SUCCESS
PAY00510,TXN00510,INV00510,2026-07-02,CUST0151,32212.33,INR,UPI,SUCCESS
PAY00511,TXN00511,INV00511,2026-08-16,CUST0083,7962.74,INR,UPI,SUCCESS
PAY00512,TXN00512,INV00512,2026-07-28,CUST0016,94273.0,INR,CARD,SUCCESS
PAY00513,TXN00513,INV00513,2026-07-07,CUST0028,33443.91,INR,CARD,SUCCESS
PAY00514,TXN00514,INV00514,2026-07-17,CUST0277,66229.49,INR,NETBANKING,SUCCESS
PAY00515,TXN00515,INV00515,2026-08-05,CUST0293,84065.52,INR,CARD,SUCCESS
PAY00516,TXN00516,INV00516,2026-07-19,CUST0045,82477.78,INR,WALLET,SUCCESS
PAY00517,TXN00517,INV00517,2026-08-10,CUST0088,29535.24,INR,UPI,SUCCESS
PAY00518,TXN00518,INV00518,2026-07-31,CUST0204,49165.13,INR,NETBANKING,SUCCESS
PAY00519,TXN00519,INV00519,2026-07-24,CUST0095,88606.52,INR,NETBANKING,SUCCESS
PAY00520,TXN00520,INV00520,2026-07-30,CUST0226,26708.38,INR,NETBANKING,SUCCESS
PAY00521,TXN00521,INV00521,2026-07-06,CUST0050,66980.05,INR,WALLET,SUCCESS
PAY00522,TXN00522,INV00522,2026-08-03,CUST0199,42153.89,INR,WALLET,SUCCESS
PAY00523,TXN00523,INV00523,2026-07-06,CUST0154,39783.03,INR,UPI,SUCCESS
PAY00524,TXN00524,INV00524,2026-07-08,CUST0076,94950.85,INR,WALLET,SUCCESS
PAY00525,TXN00525,INV00525,2026-07-09,CUST0099,4746.25,INR,UPI,SUCCESS
PAY00526,TXN00526,INV00526,2026-07-21,CUST0133,91125.05,INR,UPI,SUCCESS
PAY00527,TXN00527,INV00527,2026-07-21,CUST0283,85734.11,INR,WALLET,SUCCESS
PAY00528,TXN00528,INV00528,2026-08-20,CUST0268,42249.59,INR,WALLET,SUCCESS
PAY00529,TXN00529,INV00529,2026-08-18,CUST0299,96500.75,INR,UPI,SUCCESS
PAY00530,TXN00530,INV00530,2026-08-04,CUST0147,88073.51,INR,WALLET,SUCCESS
PAY00531,TXN00531,INV00531,2026-08-08,CUST0293,47568.14,INR,CARD,SUCCESS
PAY00532,TXN00532,INV00532,2026-07-03,CUST0206,39881.38,INR,NETBANKING,SUCCESS
PAY00533,TXN00533,INV00533,2026-07-18,CUST0244,89754.62,INR,UPI,SUCCESS
PAY00534,TXN00534,INV00534,2026-08-01,CUST0144,85894.36,INR,UPI,SUCCESS
PAY00535,TXN00535,INV00535,2026-08-19,CUST0227,82669.42,INR,NETBANKING,SUCCESS
PAY00536,TXN00536,INV00536,2026-07-13,CUST0046,44450.8,INR,WALLET,SUCCESS
PAY00537,TXN00537,INV00537,2026-08-02,CUST0029,79253.29,INR,UPI,SUCCESS
PAY00538,TXN00538,INV00538,2026-08-19,CUST0070,85203.89,INR,UPI,SUCCESS
PAY00539,TXN00539,INV00539,2026-07-03,CUST0128,45916.64,INR,NETBANKING,SUCCESS
PAY00540,TXN00540,INV00540,2026-08-02,CUST0238,39995.76,INR,UPI,SUCCESS
PAY00541,TXN00541,INV00541,2026-08-08,CUST0251,44887.29,INR,WALLET,SUCCESS
PAY00542,TXN00542,INV00542,2026-07-17,CUST0084,75021.63,INR,UPI,SUCCESS
PAY00543,TXN00543,INV00543,2026-08-06,CUST0084,78093.1,INR,CARD,SUCCESS
PAY00544,TXN00544,INV00544,2026-08-11,CUST0138,41245.97,INR,UPI,SUCCESS
PAY00545,TXN00545,INV00545,2026-08-11,CUST0068,17733.47,INR,UPI,SUCCESS
PAY00546,TXN00546,INV00546,2026-07-28,CUST0141,89600.56,INR,NETBANKING,SUCCESS
PAY00547,TXN00547,INV00547,2026-08-13,CUST0155,52303.47,INR,WALLET,SUCCESS
PAY00548,TXN00548,INV00548,2026-08-05,CUST0192,64910.54,INR,NETBANKING,SUCCESS
PAY00549,TXN00549,INV00549,2026-07-22,CUST0033,98841.92,INR,NETBANKING,SUCCESS
PAY00550,TXN00550,INV00550,2026-07-13,CUST0153,15417.96,INR,CARD,SUCCESS
PAY00551,TXN00551,INV00551,2026-08-16,CUST0072,3032.8,INR,WALLET,SUCCESS
PAY00552,TXN00552,INV00552,2026-08-17,CUST0199,4014.24,INR,CARD,SUCCESS
PAY00553,TXN00553,INV00553,2026-08-10,CUST0274,78597.26,INR,NETBANKING,SUCCESS
PAY00554,TXN00554,INV00554,2026-07-12,CUST0286,29731.51,INR,WALLET,SUCCESS
PAY00555,TXN00555,INV00555,2026-08-18,CUST0287,91306.16,INR,NETBANKING,SUCCESS
PAY00556,TXN00556,INV00556,2026-08-17,CUST0115,87207.51,INR,WALLET,SUCCESS
PAY00557,TXN00557,INV00557,2026-08-07,CUST0134,29758.09,INR,UPI,SUCCESS
PAY00558,TXN00558,INV00558,2026-08-09,CUST0298,7585.97,INR,CARD,SUCCESS
PAY00559,TXN00559,INV00559,2026-07-20,CUST0272,41604.17,INR,CARD,SUCCESS
PAY00560,TXN00560,INV00560,2026-08-06,CUST0210,89338.09,INR,WALLET,SUCCESS
PAY00561,TXN00561,INV00561,2026-08-01,CUST0042,33596.63,INR,CARD,SUCCESS
PAY00562,TXN00562,INV00562,2026-07-18,CUST0232,21333.55,INR,CARD,SUCCESS
PAY00563,TXN00563,INV00563,2026-07-09,CUST0046,61640.73,INR,WALLET,SUCCESS
PAY00564,TXN00564,INV00564,2026-07-03,CUST0003,53611.37,INR,NETBANKING,SUCCESS
PAY00565,TXN00565,INV00565,2026-08-13,CUST0010,910.32,INR,CARD,SUCCESS
PAY00566,TXN00566,INV00566,2026-07-07,CUST0067,38663.27,INR,NETBANKING,SUCCESS
PAY00567,TXN00567,INV00567,2026-07-30,CUST0149,72919.28,INR,NETBANKING,SUCCESS
PAY00568,TXN00568,INV00568,2026-08-01,CUST0176,36245.46,INR,CARD,SUCCESS
PAY00569,TXN00569,INV00569,2026-07-15,CUST0117,72853.3,INR,CARD,SUCCESS
PAY00570,TXN00570,INV00570,2026-07-11,CUST0259,12754.62,INR,UPI,SUCCESS
PAY00571,TXN00571,INV00571,2026-08-09,CUST0274,5334.4,INR,UPI,SUCCESS
PAY00572,TXN00572,INV00572,2026-08-14,CUST0025,12021.09,INR,WALLET,SUCCESS
PAY00573,TXN00573,INV00573,2026-08-14,CUST0243,15736.15,INR,UPI,SUCCESS
PAY00574,TXN00574,INV00574,2026-07-18,CUST0267,62468.38,INR,CARD,SUCCESS
PAY00575,TXN00575,INV00575,2026-07-19,CUST0061,11844.25,INR,UPI,SUCCESS
PAY00576,TXN00576,INV00576,2026-08-03,CUST0135,97325.41,INR,NETBANKING,SUCCESS
PAY00577,TXN00577,INV00577,2026-08-05,CUST0021,49887.29,INR,CARD,SUCCESS
PAY00578,TXN00578,INV00578,2026-07-01,CUST0121,1768.57,INR,UPI,SUCCESS
PAY00579,TXN00579,INV00579,2026-07-10,CUST0253,94969.88,INR,UPI,SUCCESS
PAY00580,TXN00580,INV00580,2026-07-30,CUST0119,98872.26,INR,NETBANKING,SUCCESS
PAY00581,TXN00581,INV00581,2026-07-03,CUST0090,85298.74,INR,NETBANKING,SUCCESS
PAY00582,TXN00582,INV00582,2026-07-07,CUST0060,85198.97,INR,UPI,SUCCESS
PAY00583,TXN00583,INV00583,2026-07-22,CUST0088,36073.98,INR,WALLET,SUCCESS
PAY00584,TXN00584,INV00584,2026-07-22,CUST0191,18695.51,INR,WALLET,SUCCESS
PAY00585,TXN00585,INV00585,2026-08-14,CUST0198,85141.82,INR,WALLET,SUCCESS
PAY00586,TXN00586,INV00586,2026-08-14,CUST0068,72777.91,INR,CARD,SUCCESS
PAY00587,TXN00587,INV00587,2026-08-13,CUST0292,44097.2,INR,WALLET,SUCCESS
PAY00588,TXN00588,INV00588,2026-07-31,CUST0067,92079.6,INR,UPI,SUCCESS
PAY00589,TXN00589,INV00589,2026-07-01,CUST0161,70604.53,INR,CARD,SUCCESS
PAY00590,TXN00590,INV00590,2026-08-14,CUST0268,70207.73,INR,UPI,SUCCESS
PAY00591,TXN00591,INV00591,2026-07-23,CUST0247,66539.21,INR,WALLET,SUCCESS
PAY00592,TXN00592,INV00592,2026-07-01,CUST0028,64518.17,INR,CARD,SUCCESS
PAY00593,TXN00593,INV00593,2026-07-05,CUST0085,75267.29,INR,NETBANKING,SUCCESS
PAY00594,TXN00594,INV00594,2026-07-15,CUST0260,55274.31,INR,WALLET,SUCCESS
PAY00595,TXN00595,INV00595,2026-07-29,CUST0236,80225.5,INR,WALLET,SUCCESS
PAY00596,TXN00596,INV00596,2026-07-08,CUST0162,98076.74,INR,UPI,SUCCESS
PAY00597,TXN00597,INV00597,2026-08-05,CUST0286,516.89,INR,UPI,SUCCESS
PAY00598,TXN00598,INV00598,2026-08-02,CUST0156,56452.09,INR,WALLET,SUCCESS
PAY00599,TXN00599,INV00599,2026-07-22,CUST0233,56235.01,INR,WALLET,SUCCESS
PAY00600,TXN00600,INV00600,2026-07-08,CUST0232,10194.98,INR,CARD,SUCCESS
PAY00601,TXN00601,INV00601,2026-08-05,CUST0150,52437.52,INR,UPI,SUCCESS
PAY00602,TXN00602,INV00602,2026-08-15,CUST0072,74379.83,INR,WALLET,SUCCESS
PAY00603,TXN00603,INV00603,2026-07-08,CUST0097,93056.52,INR,WALLET,SUCCESS
PAY00604,TXN00604,INV00604,2026-07-07,CUST0174,75836.36,INR,UPI,SUCCESS
PAY00605,TXN00605,INV00605,2026-08-19,CUST0064,89229.56,INR,WALLET,SUCCESS
PAY00606,TXN00606,INV00606,2026-07-01,CUST0256,53271.25,INR,UPI,SUCCESS
PAY00607,TXN00607,INV00607,2026-08-02,CUST0248,78217.61,INR,CARD,SUCCESS
PAY00608,TXN00608,INV00608,2026-07-07,CUST0066,39046.86,INR,NETBANKING,SUCCESS
PAY00609,TXN00609,INV00609,2026-07-18,CUST0128,40088.06,INR,NETBANKING,SUCCESS
PAY00610,TXN00610,INV00610,2026-08-08,CUST0212,70151.42,INR,NETBANKING,SUCCESS
PAY00611,TXN00611,INV00611,2026-08-10,CUST0284,22125.58,INR,CARD,SUCCESS
PAY00612,TXN00612,INV00612,2026-08-13,CUST0177,13700.84,INR,CARD,SUCCESS
PAY00613,TXN00613,INV00613,2026-08-15,CUST0166,11982.82,INR,NETBANKING,SUCCESS
PAY00614,TXN00614,INV00614,2026-08-13,CUST0214,74912.94,INR,NETBANKING,SUCCESS
PAY00615,TXN00615,INV00615,2026-07-25,CUST0013,14960.01,INR,UPI,SUCCESS
PAY00616,TXN00616,INV00616,2026-07-10,CUST0129,84018.49,INR,NETBANKING,SUCCESS
PAY00617,TXN00617,INV00617,2026-07-29,CUST0184,10696.76,INR,CARD,SUCCESS
PAY00618,TXN00618,INV00618,2026-08-02,CUST0122,78538.56,INR,NETBANKING,SUCCESS
PAY00619,TXN00619,INV00619,2026-07-27,CUST0199,95691.85,INR,NETBANKING,SUCCESS
PAY00620,TXN00620,INV00620,2026-08-09,CUST0104,86950.57,INR,WALLET,SUCCESS
PAY00621,TXN00621,INV00621,2026-08-18,CUST0189,59044.34,INR,CARD,SUCCESS
PAY00622,TXN00622,INV00622,2026-07-12,CUST0230,98353.61,INR,UPI,SUCCESS
PAY00623,TXN00623,INV00623,2026-07-08,CUST0264,38031.22,INR,WALLET,SUCCESS
PAY00624,TXN00624,INV00624,2026-08-07,CUST0083,84678.41,INR,UPI,SUCCESS
PAY00625,TXN00625,INV00625,2026-07-10,CUST0021,92898.51,INR,UPI,SUCCESS
PAY00626,TXN00626,INV00626,2026-08-01,CUST0155,79095.86,INR,NETBANKING,SUCCESS
PAY00627,TXN00627,INV00627,2026-07-15,CUST0270,95720.28,INR,UPI,SUCCESS
PAY00628,TXN00628,INV00628,2026-08-04,CUST0279,40640.0,INR,NETBANKING,SUCCESS
PAY00629,TXN00629,INV00629,2026-07-22,CUST0170,36399.38,INR,CARD,SUCCESS
PAY00630,TXN00630,INV00630,2026-07-08,CUST0005,67059.38,INR,WALLET,SUCCESS
PAY00631,TXN00631,INV00631,2026-07-03,CUST0125,68413.86,INR,NETBANKING,SUCCESS
PAY00632,TXN00632,INV00632,2026-08-04,CUST0132,72535.57,INR,UPI,SUCCESS
PAY00633,TXN00633,INV00633,2026-07-29,CUST0261,48937.07,INR,NETBANKING,SUCCESS
PAY00634,TXN00634,INV00634,2026-07-11,CUST0050,97177.06,INR,UPI,SUCCESS
PAY00635,TXN00635,INV00635,2026-08-13,CUST0110,42708.84,INR,UPI,SUCCESS
PAY00636,TXN00636,INV00636,2026-08-11,CUST0223,81767.06,INR,UPI,SUCCESS
PAY00637,TXN00637,INV00637,2026-08-15,CUST0236,33505.68,INR,UPI,SUCCESS
PAY00638,TXN00638,INV00638,2026-07-05,CUST0286,57708.75,INR,CARD,SUCCESS
PAY00639,TXN00639,INV00639,2026-08-10,CUST0231,40742.58,INR,NETBANKING,SUCCESS
PAY00640,TXN00640,INV00640,2026-07-01,CUST0274,64321.56,INR,UPI,SUCCESS
PAY00641,TXN00641,INV00641,2026-07-23,CUST0038,92840.75,INR,UPI,SUCCESS
PAY00642,TXN00642,INV00642,2026-07-19,CUST0045,76644.79,INR,WALLET,SUCCESS
PAY00643,TXN00643,INV00643,2026-07-11,CUST0243,53580.04,INR,CARD,SUCCESS
PAY00644,TXN00644,INV00644,2026-07-20,CUST0074,67890.26,INR,NETBANKING,SUCCESS
PAY00645,TXN00645,INV00645,2026-07-03,CUST0064,1000.47,INR,WALLET,SUCCESS
PAY00646,TXN00646,INV00646,2026-08-17,CUST0108,74272.33,INR,NETBANKING,SUCCESS
PAY00647,TXN00647,INV00647,2026-07-11,CUST0073,18807.28,INR,NETBANKING,SUCCESS
PAY00648,TXN00648,INV00648,2026-07-04,CUST0291,85213.08,INR,WALLET,SUCCESS
PAY00649,TXN00649,INV00649,2026-07-17,CUST0035,10271.14,INR,WALLET,SUCCESS
PAY00650,TXN00650,INV00650,2026-07-07,CUST0121,28871.15,INR,UPI,SUCCESS
PAY00651,TXN00651,INV00651,2026-07-22,CUST0231,61826.07,INR,NETBANKING,SUCCESS
PAY00652,TXN00652,INV00652,2026-07-24,CUST0291,80866.13,INR,WALLET,SUCCESS
PAY00653,TXN00653,INV00653,2026-08-15,CUST0114,74111.71,INR,WALLET,SUCCESS
PAY00654,TXN00654,INV00654,2026-07-31,CUST0170,46553.41,INR,NETBANKING,SUCCESS
PAY00655,TXN00655,INV00655,2026-07-12,CUST0056,64732.38,INR,UPI,SUCCESS
PAY00656,TXN00656,INV00656,2026-07-17,CUST0101,73487.69,INR,UPI,SUCCESS
PAY00657,TXN00657,INV00657,2026-08-07,CUST0016,58100.63,INR,CARD,SUCCESS
PAY00658,TXN00658,INV00658,2026-08-04,CUST0279,47474.34,INR,CARD,SUCCESS
PAY00659,TXN00659,INV00659,2026-07-09,CUST0149,46737.76,INR,UPI,SUCCESS
PAY00660,TXN00660,INV00660,2026-08-09,CUST0123,68574.08,INR,CARD,SUCCESS
PAY00661,TXN00661,INV00661,2026-08-12,CUST0290,87283.42,INR,CARD,SUCCESS
PAY00662,TXN00662,INV00662,2026-07-15,CUST0021,76266.5,INR,CARD,SUCCESS
PAY00663,TXN00663,INV00663,2026-08-12,CUST0022,21074.02,INR,NETBANKING,SUCCESS
PAY00664,TXN00664,INV00664,2026-08-11,CUST0021,32745.08,INR,NETBANKING,SUCCESS
PAY00665,TXN00665,INV00665,2026-08-06,CUST0279,17798.06,INR,WALLET,SUCCESS
PAY00666,TXN00666,INV00666,2026-07-17,CUST0265,37944.71,INR,CARD,SUCCESS
PAY00667,TXN00667,INV00667,2026-08-20,CUST0250,48469.95,INR,UPI,SUCCESS
PAY00668,TXN00668,INV00668,2026-07-15,CUST0085,8170.28,INR,NETBANKING,SUCCESS
PAY00669,TXN00669,INV00669,2026-08-08,CUST0186,71871.62,INR,UPI,SUCCESS
PAY00670,TXN00670,INV00670,2026-07-31,CUST0059,67685.33,INR,WALLET,SUCCESS
PAY00671,TXN00671,INV00671,2026-07-02,CUST0211,24745.2,INR,CARD,SUCCESS
PAY00672,TXN00672,INV00672,2026-07-03,CUST0263,89134.37,INR,CARD,SUCCESS
PAY00673,TXN00673,INV00673,2026-07-26,CUST0265,60136.07,INR,UPI,SUCCESS
PAY00674,TXN00674,INV00674,2026-07-14,CUST0044,45195.73,INR,WALLET,SUCCESS
PAY00675,TXN00675,INV00675,2026-08-20,CUST0074,58473.29,INR,CARD,SUCCESS
PAY00676,TXN00676,INV00676,2026-08-16,CUST0086,68716.32,INR,WALLET,SUCCESS
PAY00677,TXN00677,INV00677,2026-07-25,CUST0194,13655.21,INR,UPI,SUCCESS
PAY00678,TXN00678,INV00678,2026-07-10,CUST0215,60748.35,INR,CARD,SUCCESS
PAY00679,TXN00679,INV00679,2026-08-20,CUST0020,53377.28,INR,UPI,SUCCESS
PAY00680,TXN00680,INV00680,2026-07-01,CUST0277,89748.41,INR,WALLET,SUCCESS
PAY00681,TXN00681,INV00681,2026-07-28,CUST0272,23333.88,INR,WALLET,SUCCESS
PAY00682,TXN00682,INV00682,2026-07-07,CUST0295,42836.19,INR,NETBANKING,SUCCESS
PAY00683,TXN00683,INV00683,2026-08-08,CUST0146,87738.25,INR,WALLET,SUCCESS
PAY00684,TXN00684,INV00684,2026-08-06,CUST0004,52492.79,INR,UPI,SUCCESS
PAY00685,TXN00685,INV00685,2026-07-27,CUST0162,36545.84,INR,CARD,SUCCESS
PAY00686,TXN00686,INV00686,2026-08-04,CUST0134,42644.37,INR,NETBANKING,SUCCESS
PAY00687,TXN00687,INV00687,2026-07-27,CUST0105,55434.44,INR,WALLET,SUCCESS
PAY00688,TXN00688,INV00688,2026-07-17,CUST0248,98856.57,INR,NETBANKING,SUCCESS
PAY00689,TXN00689,INV00689,2026-08-12,CUST0071,12349.03,INR,CARD,SUCCESS
PAY00690,TXN00690,INV00690,2026-07-14,CUST0052,51080.18,INR,NETBANKING,SUCCESS
PAY00691,TXN00691,INV00691,2026-07-11,CUST0027,39215.82,INR,UPI,SUCCESS
PAY00692,TXN00692,INV00692,2026-07-06,CUST0223,6876.01,INR,CARD,SUCCESS
PAY00693,TXN00693,INV00693,2026-07-26,CUST0197,61589.58,INR,NETBANKING,SUCCESS
PAY00694,TXN00694,INV00694,2026-08-10,CUST0090,49689.65,INR,UPI,SUCCESS
PAY00695,TXN00695,INV00695,2026-07-13,CUST0147,3844.13,INR,CARD,SUCCESS
PAY00696,TXN00696,INV00696,2026-07-16,CUST0185,65674.4,INR,CARD,SUCCESS
PAY00697,TXN00697,INV00697,2026-08-12,CUST0181,39816.74,INR,CARD,SUCCESS
PAY00698,TXN00698,INV00698,2026-07-06,CUST0036,55184.47,INR,NETBANKING,SUCCESS
PAY00699,TXN00699,INV00699,2026-07-30,CUST0100,93006.53,INR,UPI,SUCCESS
PAY00700,TXN00700,INV00700,2026-08-05,CUST0055,7702.4,INR,NETBANKING,SUCCESS
PAY00701,TXN00701,INV00701,2026-08-04,CUST0132,81408.16,INR,NETBANKING,SUCCESS
PAY00702,TXN00702,INV00702,2026-08-19,CUST0248,24705.69,INR,NETBANKING,SUCCESS
PAY00703,TXN00703,INV00703,2026-07-31,CUST0015,12068.7,INR,UPI,SUCCESS
PAY00704,TXN00704,INV00704,2026-07-21,CUST0118,41536.38,INR,NETBANKING,SUCCESS
PAY00705,TXN00705,INV00705,2026-07-16,CUST0135,29085.31,INR,WALLET,SUCCESS
PAY00706,TXN00706,INV00706,2026-07-12,CUST0284,47917.27,INR,NETBANKING,SUCCESS
PAY00707,TXN00707,INV00707,2026-08-17,CUST0094,68469.18,INR,CARD,SUCCESS
PAY00708,TXN00708,INV00708,2026-07-17,CUST0124,21074.47,INR,CARD,SUCCESS
PAY00709,TXN00709,INV00709,2026-08-19,CUST0080,11115.58,INR,UPI,SUCCESS
PAY00710,TXN00710,INV00710,2026-08-18,CUST0004,85780.39,INR,UPI,SUCCESS
PAY00711,TXN00711,INV00711,2026-08-01,CUST0162,89863.06,INR,NETBANKING,SUCCESS
PAY00712,TXN00712,INV00712,2026-07-15,CUST0204,75141.85,INR,CARD,SUCCESS
PAY00713,TXN00713,INV00713,2026-07-03,CUST0277,50496.28,INR,WALLET,SUCCESS
PAY00714,TXN00714,INV00714,2026-07-30,CUST0266,31907.3,INR,UPI,SUCCESS
PAY00715,TXN00715,INV00715,2026-07-07,CUST0298,32880.9,INR,NETBANKING,SUCCESS
PAY00716,TXN00716,INV00716,2026-07-31,CUST0138,95873.42,INR,NETBANKING,SUCCESS
PAY00717,TXN00717,INV00717,2026-07-27,CUST0108,70220.91,INR,NETBANKING,SUCCESS
PAY00718,TXN00718,INV00718,2026-07-12,CUST0231,57355.27,INR,CARD,SUCCESS
PAY00719,TXN00719,INV00719,2026-08-05,CUST0121,43505.77,INR,WALLET,SUCCESS
PAY00720,TXN00720,INV00720,2026-07-01,CUST0243,18072.42,INR,WALLET,SUCCESS
PAY00721,TXN00721,INV00721,2026-08-16,CUST0274,31914.86,INR,WALLET,SUCCESS
PAY00722,TXN00722,INV00722,2026-07-26,CUST0025,10347.99,INR,CARD,SUCCESS
PAY00723,TXN00723,INV00723,2026-07-29,CUST0050,74587.03,INR,NETBANKING,SUCCESS
PAY00724,TXN00724,INV00724,2026-07-23,CUST0132,2473.62,INR,UPI,SUCCESS
PAY00725,TXN00725,INV00725,2026-08-06,CUST0102,57801.5,INR,CARD,SUCCESS
PAY00726,TXN00726,INV00726,2026-08-01,CUST0262,77587.06,INR,WALLET,SUCCESS
PAY00727,TXN00727,INV00727,2026-07-11,CUST0075,64237.77,INR,NETBANKING,SUCCESS
PAY00728,TXN00728,INV00728,2026-07-05,CUST0208,8371.64,INR,NETBANKING,SUCCESS
PAY00729,TXN00729,INV00729,2026-08-15,CUST0150,27113.5,INR,WALLET,SUCCESS
PAY00730,TXN00730,INV00730,2026-07-29,CUST0267,41691.91,INR,CARD,SUCCESS
PAY00731,TXN00731,INV00731,2026-08-17,CUST0129,70219.34,INR,UPI,SUCCESS
PAY00732,TXN00732,INV00732,2026-07-05,CUST0049,93710.97,INR,WALLET,SUCCESS
PAY00733,TXN00733,INV00733,2026-08-18,CUST0269,99603.37,INR,UPI,SUCCESS
PAY00734,TXN00734,INV00734,2026-07-20,CUST0200,23320.92,INR,NETBANKING,SUCCESS
PAY00735,TXN00735,INV00735,2026-07-11,CUST0270,3342.84,INR,NETBANKING,SUCCESS
PAY00736,TXN00736,INV00736,2026-07-18,CUST0277,55080.25,INR,CARD,SUCCESS
PAY00737,TXN00737,INV00737,2026-08-10,CUST0234,75016.7,INR,WALLET,SUCCESS
PAY00738,TXN00738,INV00738,2026-07-23,CUST0159,48424.34,INR,CARD,SUCCESS
PAY00739,TXN00739,INV00739,2026-07-27,CUST0188,26350.8,INR,NETBANKING,SUCCESS
PAY00740,TXN00740,INV00740,2026-07-19,CUST0177,47185.2,INR,UPI,SUCCESS
PAY00741,TXN00741,INV00741,2026-07-01,CUST0154,76703.99,INR,NETBANKING,SUCCESS
PAY00742,TXN00742,INV00742,2026-07-13,CUST0192,41467.72,INR,WALLET,SUCCESS
PAY00743,TXN00743,INV00743,2026-07-25,CUST0200,22448.95,INR,UPI,SUCCESS
PAY00744,TXN00744,INV00744,2026-07-19,CUST0140,65021.48,INR,NETBANKING,SUCCESS
PAY00745,TXN00745,INV00745,2026-07-19,CUST0070,11480.46,INR,WALLET,SUCCESS
PAY00746,TXN00746,INV00746,2026-07-13,CUST0252,32404.05,INR,CARD,SUCCESS
PAY00747,TXN00747,INV00747,2026-07-07,CUST0096,28570.4,INR,CARD,SUCCESS
PAY00748,TXN00748,INV00748,2026-07-06,CUST0120,15493.03,INR,WALLET,SUCCESS
PAY00749,TXN00749,INV00749,2026-07-24,CUST0256,46636.6,INR,UPI,SUCCESS
PAY00750,TXN00750,INV00750,2026-08-19,CUST0137,39545.97,INR,WALLET,SUCCESS
PAY00751,TXN00751,INV00751,2026-07-08,CUST0007,97472.55,INR,CARD,SUCCESS
PAY00752,TXN00752,INV00752,2026-07-13,CUST0018,46353.05,INR,UPI,SUCCESS
PAY00753,TXN00753,INV00753,2026-08-13,CUST0200,96140.78,INR,NETBANKING,SUCCESS
PAY00754,TXN00754,INV00754,2026-08-03,CUST0282,12653.08,INR,WALLET,SUCCESS
PAY00755,TXN00755,INV00755,2026-08-12,CUST0027,22169.93,INR,UPI,SUCCESS
PAY00756,TXN00756,INV00756,2026-07-11,CUST0008,79541.84,INR,UPI,SUCCESS
PAY00757,TXN00757,INV00757,2026-08-07,CUST0022,78455.79,INR,WALLET,SUCCESS
PAY00758,TXN00758,INV00758,2026-07-16,CUST0046,16191.0,INR,UPI,SUCCESS
PAY00759,TXN00759,INV00759,2026-07-04,CUST0031,35874.01,INR,CARD,SUCCESS
PAY00760,TXN00760,INV00760,2026-07-15,CUST0250,32015.59,INR,NETBANKING,SUCCESS
PAY00761,TXN00761,INV00761,2026-07-02,CUST0099,69080.37,INR,NETBANKING,SUCCESS
PAY00762,TXN00762,INV00762,2026-08-15,CUST0249,44031.25,INR,NETBANKING,SUCCESS
PAY00763,TXN00763,INV00763,2026-07-12,CUST0291,54590.24,INR,NETBANKING,SUCCESS
PAY00764,TXN00764,INV00764,2026-07-11,CUST0284,7353.22,INR,CARD,SUCCESS
PAY00765,TXN00765,INV00765,2026-07-30,CUST0188,571.62,INR,WALLET,SUCCESS
PAY00766,TXN00766,INV00766,2026-08-19,CUST0187,62209.63,INR,NETBANKING,SUCCESS
PAY00767,TXN00767,INV00767,2026-07-13,CUST0199,52644.94,INR,WALLET,SUCCESS
PAY00768,TXN00768,INV00768,2026-07-21,CUST0145,41275.55,INR,NETBANKING,SUCCESS
PAY00769,TXN00769,INV00769,2026-07-03,CUST0035,83601.74,INR,CARD,SUCCESS
PAY00770,TXN00770,INV00770,2026-08-01,CUST0055,19565.86,INR,UPI,SUCCESS
PAY00771,TXN00771,INV00771,2026-08-03,CUST0251,62585.06,INR,NETBANKING,SUCCESS
PAY00772,TXN00772,INV00772,2026-07-01,CUST0037,93056.0,INR,CARD,SUCCESS
PAY00773,TXN00773,INV00773,2026-07-24,CUST0032,56022.98,INR,WALLET,SUCCESS
PAY00774,TXN00774,INV00774,2026-08-03,CUST0137,4544.99,INR,UPI,SUCCESS
PAY00775,TXN00775,INV00775,2026-07-07,CUST0266,10571.9,INR,CARD,SUCCESS
PAY00776,TXN00776,INV00776,2026-08-12,CUST0270,25251.92,INR,CARD,SUCCESS
PAY00777,TXN00777,INV00777,2026-08-19,CUST0055,64043.12,INR,NETBANKING,SUCCESS
PAY00778,TXN00778,INV00778,2026-07-07,CUST0219,17097.53,INR,CARD,SUCCESS
PAY00779,TXN00779,INV00779,2026-08-04,CUST0081,99844.14,INR,WALLET,SUCCESS
PAY00779_DUP,TXN00779_DUP,INV00779,2026-08-04,CUST0081,99844.14,INR,WALLET,SUCCESS
PAY00780,TXN00780,INV00780,2026-07-24,CUST0167,41528.16,INR,WALLET,SUCCESS
PAY00781,TXN00781,INV00781,2026-08-06,CUST0124,54789.81,INR,WALLET,SUCCESS
PAY00782,TXN00782,INV00782,2026-07-29,CUST0185,45026.23,INR,WALLET,SUCCESS
PAY00783,TXN00783,INV00783,2026-08-03,CUST0009,13941.03,INR,NETBANKING,SUCCESS
PAY00784,TXN00784,INV00784,2026-07-02,CUST0162,77266.55,INR,NETBANKING,SUCCESS
PAY00785,TXN00785,INV00785,2026-08-06,CUST0293,15894.12,INR,UPI,SUCCESS
PAY00786,TXN00786,INV00786,2026-07-24,CUST0136,89017.72,INR,CARD,SUCCESS
PAY00787,TXN00787,INV00787,2026-07-26,CUST0293,57121.96,INR,CARD,SUCCESS
PAY00788,TXN00788,INV00788,2026-07-12,CUST0248,49083.5,INR,UPI,SUCCESS
PAY00789,TXN00789,INV00789,2026-07-25,CUST0296,8308.5,INR,UPI,SUCCESS
PAY00790,TXN00790,INV00790,2026-07-27,CUST0223,93059.49,INR,UPI,SUCCESS
PAY00791,TXN00791,INV00791,2026-08-10,CUST0006,77853.15,INR,WALLET,SUCCESS
PAY00792,TXN00792,INV00792,2026-08-04,CUST0164,56708.83,INR,NETBANKING,SUCCESS
PAY00793,TXN00793,INV00793,2026-08-13,CUST0026,73292.07,INR,WALLET,SUCCESS
PAY00794,TXN00794,INV00794,2026-07-15,CUST0047,43477.6,INR,WALLET,SUCCESS
PAY00795,TXN00795,INV00795,2026-08-06,CUST0244,74658.85,INR,WALLET,SUCCESS
PAY00796,TXN00796,INV00796,2026-08-19,CUST0223,69938.12,INR,CARD,SUCCESS
PAY00797,TXN00797,INV00797,2026-08-11,CUST0203,57347.4,INR,CARD,SUCCESS
PAY00798,TXN00798,INV00798,2026-08-13,CUST0166,92451.74,INR,UPI,SUCCESS
PAY00799,TXN00799,INV00799,2026-07-23,CUST0188,19453.73,INR,NETBANKING,SUCCESS
PAY00800,TXN00800,INV00800,2026-07-23,CUST0087,61813.99,INR,WALLET,SUCCESS
PAY00801,TXN00801,INV00801,2026-07-13,CUST0120,68693.24,INR,CARD,SUCCESS
PAY00802,TXN00802,INV00802,2026-07-16,CUST0028,94919.62,INR,CARD,SUCCESS
PAY00803,TXN00803,INV00803,2026-07-20,CUST0057,45281.13,INR,UPI,SUCCESS
PAY00804,TXN00804,INV00804,2026-07-14,CUST0109,54869.21,INR,NETBANKING,SUCCESS
PAY00805,TXN00805,INV00805,2026-08-14,CUST0073,70026.15,INR,UPI,SUCCESS
PAY00806,TXN00806,INV00806,2026-07-17,CUST0023,17446.8,INR,NETBANKING,SUCCESS
PAY00807,TXN00807,INV00807,2026-07-04,CUST0139,46763.6,INR,UPI,SUCCESS
PAY00808,TXN00808,INV00808,2026-07-07,CUST0185,2398.29,INR,WALLET,SUCCESS
PAY00809,TXN00809,INV00809,2026-07-21,CUST0051,48723.88,INR,UPI,SUCCESS
PAY00810,TXN00810,INV00810,2026-08-15,CUST0288,2638.1,INR,CARD,SUCCESS
PAY00811,TXN00811,INV00811,2026-07-26,CUST0251,74566.88,INR,UPI,SUCCESS
PAY00812,TXN00812,INV00812,2026-07-16,CUST0155,99601.44,INR,NETBANKING,SUCCESS
PAY00813,TXN00813,INV00813,2026-07-02,CUST0199,94441.6,INR,NETBANKING,SUCCESS
PAY00814,TXN00814,INV00814,2026-07-06,CUST0071,73124.02,INR,CARD,SUCCESS
PAY00815,TXN00815,INV00815,2026-07-20,CUST0219,91018.67,INR,NETBANKING,SUCCESS
PAY00816,TXN00816,INV00816,2026-08-07,CUST0071,54364.71,INR,CARD,SUCCESS
PAY00817,TXN00817,INV00817,2026-07-09,CUST0269,43291.4,INR,CARD,SUCCESS
PAY00818,TXN00818,INV00818,2026-07-05,CUST0163,55955.36,INR,UPI,SUCCESS
PAY00819,TXN00819,INV00819,2026-08-18,CUST0016,32209.4,INR,WALLET,SUCCESS
PAY00820,TXN00820,INV00820,2026-07-10,CUST0141,78021.23,INR,UPI,SUCCESS
PAY00821,TXN00821,INV00821,2026-08-08,CUST0137,56920.79,INR,CARD,SUCCESS
PAY00822,TXN00822,INV00822,2026-07-23,CUST0014,8407.81,INR,WALLET,SUCCESS
PAY00823,TXN00823,INV00823,2026-07-12,CUST0192,85286.88,INR,WALLET,SUCCESS
PAY00824,TXN00824,INV00824,2026-07-03,CUST0116,41154.62,INR,UPI,SUCCESS
PAY00825,TXN00825,INV00825,2026-08-18,CUST0104,20853.93,INR,CARD,SUCCESS
PAY00826,TXN00826,INV00826,2026-08-14,CUST0251,32827.11,INR,WALLET,SUCCESS
PAY00827,TXN00827,INV00827,2026-08-16,CUST0195,31633.3,INR,UPI,SUCCESS
PAY00828,TXN00828,INV00828,2026-07-16,CUST0022,52110.91,INR,WALLET,SUCCESS
PAY00829,TXN00829,INV00829,2026-08-18,CUST0265,63249.53,INR,UPI,SUCCESS
PAY00830,TXN00830,INV00830,2026-08-19,CUST0156,82848.29,INR,WALLET,SUCCESS
PAY00831,TXN00831,INV00831,2026-08-14,CUST0028,51938.48,INR,CARD,SUCCESS
PAY00832,TXN00832,INV00832,2026-08-16,CUST0047,50315.45,INR,CARD,SUCCESS
PAY00833,TXN00833,INV00833,2026-07-26,CUST0070,41649.15,INR,WALLET,SUCCESS
PAY00834,TXN00834,INV00834,2026-07-30,CUST0104,9472.88,INR,NETBANKING,SUCCESS
PAY00835,TXN00835,INV00835,2026-07-06,CUST0064,11859.41,INR,WALLET,SUCCESS
PAY00836,TXN00836,INV00836,2026-08-16,CUST0197,79211.13,INR,CARD,SUCCESS
PAY00837,TXN00837,INV00837,2026-07-22,CUST0088,56766.41,INR,CARD,SUCCESS
PAY00838,TXN00838,INV00838,2026-07-27,CUST0027,31152.19,INR,WALLET,SUCCESS
PAY00839,TXN00839,INV00839,2026-07-13,CUST0068,851.52,INR,NETBANKING,SUCCESS
PAY00840,TXN00840,INV00840,2026-07-01,CUST0279,60994.4,INR,WALLET,SUCCESS
PAY00841,TXN00841,INV00841,2026-07-30,CUST0244,41310.06,INR,UPI,SUCCESS
PAY00842,TXN00842,INV00842,2026-07-18,CUST0281,62166.72,INR,CARD,SUCCESS
PAY00843,TXN00843,INV00843,2026-07-03,CUST0179,14964.75,INR,UPI,SUCCESS
PAY00844,TXN00844,INV00844,2026-07-06,CUST0170,5378.62,INR,WALLET,SUCCESS
PAY00845,TXN00845,INV00845,2026-08-20,CUST0294,56436.63,INR,WALLET,SUCCESS
PAY00846,TXN00846,INV00846,2026-08-19,CUST0048,30279.8,INR,NETBANKING,SUCCESS
PAY00847,TXN00847,INV00847,2026-07-19,CUST0034,47346.28,INR,UPI,SUCCESS
PAY00848,TXN00848,INV00848,2026-07-27,CUST0270,52702.3,INR,CARD,SUCCESS
PAY00849,TXN00849,INV00849,2026-07-06,CUST0271,48624.47,INR,NETBANKING,SUCCESS
PAY00850,TXN00850,INV00850,2026-08-06,CUST0270,99504.92,INR,NETBANKING,SUCCESS
PAY00851,TXN00851,INV00851,2026-08-03,CUST0255,73053.88,INR,WALLET,SUCCESS
PAY00852,TXN00852,INV00852,2026-08-15,CUST0120,29403.56,INR,CARD,SUCCESS
PAY00853,TXN00853,INV00853,2026-08-17,CUST0061,84882.94,INR,WALLET,SUCCESS
PAY00854,TXN00854,INV00854,2026-08-10,CUST0287,21627.62,INR,CARD,SUCCESS
PAY00855,TXN00855,INV00855,2026-07-20,CUST0158,50915.62,INR,NETBANKING,SUCCESS
PAY00856,TXN00856,INV00856,2026-07-22,CUST0171,39906.91,INR,UPI,SUCCESS
PAY00857,TXN00857,INV00857,2026-08-13,CUST0174,48171.27,INR,WALLET,SUCCESS
PAY00858,TXN00858,INV00858,2026-07-10,CUST0247,62906.45,INR,NETBANKING,SUCCESS
PAY00859,TXN00859,INV00859,2026-08-03,CUST0029,30284.7,INR,NETBANKING,SUCCESS
PAY00860,TXN00860,INV00860,2026-08-13,CUST0296,33506.07,INR,NETBANKING,SUCCESS
PAY00861,TXN00861,INV00861,2026-07-22,CUST0016,98370.07,INR,CARD,SUCCESS
PAY00862,TXN00862,INV00862,2026-08-20,CUST0060,75278.25,INR,NETBANKING,SUCCESS
PAY00863,TXN00863,INV00863,2026-08-01,CUST0045,87766.35,INR,NETBANKING,SUCCESS
PAY00864,TXN00864,INV00864,2026-07-20,CUST0269,17913.77,INR,NETBANKING,SUCCESS
PAY00865,TXN00865,INV00865,2026-08-02,CUST0228,2981.01,INR,WALLET,SUCCESS
PAY00866,TXN00866,INV00866,2026-07-31,CUST0175,73377.89,INR,NETBANKING,SUCCESS
PAY00867,TXN00867,INV00867,2026-08-13,CUST0265,99275.67,INR,CARD,SUCCESS
PAY00868,TXN00868,INV00868,2026-07-08,CUST0268,908.93,INR,UPI,SUCCESS
PAY00869,TXN00869,INV00869,2026-07-30,CUST0171,88973.99,INR,UPI,SUCCESS
PAY00870,TXN00870,INV00870,2026-07-02,CUST0160,57967.2,INR,NETBANKING,SUCCESS
PAY00871,TXN00871,INV00871,2026-07-13,CUST0103,29013.45,INR,NETBANKING,SUCCESS
PAY00872,TXN00872,INV00872,2026-07-10,CUST0140,16170.85,INR,UPI,SUCCESS
PAY00873,TXN00873,INV00873,2026-07-07,CUST0264,21054.45,INR,NETBANKING,SUCCESS
PAY00874,TXN00874,INV00874,2026-08-06,CUST0146,24860.09,INR,UPI,SUCCESS
PAY00875,TXN00875,INV00875,2026-07-04,CUST0228,13442.36,INR,WALLET,SUCCESS
PAY00876,TXN00876,INV00876,2026-07-04,CUST0197,9068.9,INR,WALLET,SUCCESS
PAY00877,TXN00877,INV00877,2026-08-09,CUST0229,35884.62,INR,NETBANKING,SUCCESS
PAY00878,TXN00878,INV00878,2026-07-06,CUST0274,97381.35,INR,WALLET,SUCCESS
PAY00879,TXN00879,INV00879,2026-07-07,CUST0240,45830.62,INR,WALLET,SUCCESS
PAY00880,TXN00880,INV00880,2026-07-24,CUST0133,39511.65,INR,NETBANKING,SUCCESS
PAY00881,TXN00881,INV00881,2026-07-02,CUST0250,7003.84,INR,UPI,SUCCESS
PAY00882,TXN00882,INV00882,2026-08-19,CUST0145,35187.24,INR,CARD,SUCCESS
PAY00883,TXN00883,INV00883,2026-07-21,CUST0055,55836.91,INR,UPI,SUCCESS
PAY00884,TXN00884,INV00884,2026-08-07,CUST0206,41637.47,INR,CARD,SUCCESS
PAY00885,TXN00885,INV00885,2026-07-22,CUST0034,21219.7,INR,WALLET,SUCCESS
PAY00886,TXN00886,INV00886,2026-08-04,CUST0176,69566.25,INR,CARD,SUCCESS
PAY00887,TXN00887,INV00887,2026-08-01,CUST0294,11875.12,INR,WALLET,SUCCESS
PAY00888,TXN00888,INV00888,2026-07-20,CUST0091,95610.4,INR,UPI,SUCCESS
PAY00889,TXN00889,INV00889,2026-07-21,CUST0195,49682.37,INR,UPI,SUCCESS
PAY00890,TXN00890,INV00890,2026-08-18,CUST0001,15099.17,INR,CARD,SUCCESS
PAY00891,TXN00891,INV00891,2026-07-29,CUST0296,19968.83,INR,NETBANKING,SUCCESS
PAY00892,TXN00892,INV00892,2026-08-15,CUST0223,98266.74,INR,NETBANKING,SUCCESS
PAY00893,TXN00893,INV00893,2026-07-09,CUST0207,85324.27,INR,UPI,SUCCESS
PAY00894,TXN00894,INV00894,2026-08-15,CUST0001,56223.01,INR,NETBANKING,SUCCESS
PAY00895,TXN00895,INV00895,2026-07-28,CUST0121,70371.08,INR,WALLET,SUCCESS
PAY00896,TXN00896,INV00896,2026-07-25,CUST0208,43801.41,INR,CARD,SUCCESS
PAY00897,TXN00897,INV00897,2026-08-05,CUST0097,38767.21,INR,NETBANKING,SUCCESS
PAY00898,TXN00898,INV00898,2026-07-09,CUST0065,1654.47,INR,UPI,SUCCESS
PAY00899,TXN00899,INV00899,2026-07-09,CUST0224,8924.01,INR,WALLET,SUCCESS
PAY00900,TXN00900,INV00900,2026-07-30,CUST0093,51186.78,INR,WALLET,SUCCESS
PAY00901,TXN00901,INV00901,2026-08-08,CUST0218,1239.28,INR,WALLET,SUCCESS
PAY00902,TXN00902,INV00902,2026-07-18,CUST0257,41378.36,INR,NETBANKING,SUCCESS
PAY00903,TXN00903,INV00903,2026-08-15,CUST0248,37173.57,INR,WALLET,SUCCESS
PAY00904,TXN00904,INV00904,2026-08-18,CUST0270,77997.55,INR,WALLET,SUCCESS
PAY00905,TXN00905,INV00905,2026-07-16,CUST0046,47508.93,INR,UPI,SUCCESS
PAY00906,TXN00906,INV00906,2026-08-09,CUST0160,5751.04,INR,NETBANKING,SUCCESS
PAY00907,TXN00907,INV00907,2026-08-02,CUST0233,90652.48,INR,NETBANKING,SUCCESS
PAY00908,TXN00908,INV00908,2026-07-03,CUST0086,69657.59,INR,NETBANKING,SUCCESS
PAY00909,TXN00909,INV00909,2026-08-10,CUST0032,47579.47,INR,CARD,SUCCESS
PAY00910,TXN00910,INV00910,2026-07-19,CUST0014,48733.64,INR,CARD,SUCCESS
PAY00911,TXN00911,INV00911,2026-08-09,CUST0068,28456.71,INR,NETBANKING,SUCCESS
PAY00912,TXN00912,INV00912,2026-08-07,CUST0090,74027.24,INR,WALLET,SUCCESS
PAY00913,TXN00913,INV00913,2026-08-01,CUST0121,18490.51,INR,UPI,SUCCESS
PAY00914,TXN00914,INV00914,2026-08-01,CUST0079,75399.75,INR,WALLET,SUCCESS
PAY00915,TXN00915,INV00915,2026-08-16,CUST0226,63938.68,INR,CARD,SUCCESS
PAY00916,TXN00916,INV00916,2026-08-18,CUST0136,82043.34,INR,UPI,SUCCESS
PAY00917,TXN00917,INV00917,2026-07-31,CUST0155,74741.98,INR,CARD,SUCCESS
PAY00918,TXN00918,INV00918,2026-07-17,CUST0243,14942.41,INR,WALLET,SUCCESS
PAY00919,TXN00919,INV00919,2026-08-03,CUST0162,68446.19,INR,UPI,SUCCESS
PAY00920,TXN00920,INV00920,2026-07-28,CUST0182,61243.31,INR,NETBANKING,SUCCESS
PAY00921,TXN00921,INV00921,2026-08-11,CUST0131,58625.59,INR,WALLET,SUCCESS
PAY00922,TXN00922,INV00922,2026-08-03,CUST0100,34071.96,INR,CARD,SUCCESS
PAY00923,TXN00923,INV00923,2026-07-05,CUST0005,1690.16,INR,UPI,SUCCESS
PAY00924,TXN00924,INV00924,2026-07-15,CUST0180,72662.44,INR,NETBANKING,SUCCESS
PAY00925,TXN00925,INV00925,2026-07-04,CUST0048,93881.29,INR,CARD,SUCCESS
PAY00926,TXN00926,INV00926,2026-08-08,CUST0045,13425.77,INR,CARD,SUCCESS
PAY00927,TXN00927,INV00927,2026-08-12,CUST0240,93650.11,INR,WALLET,SUCCESS
PAY00928,TXN00928,INV00928,2026-07-17,CUST0166,16615.62,INR,UPI,SUCCESS
PAY00929,TXN00929,INV00929,2026-07-22,CUST0199,99597.88,INR,NETBANKING,SUCCESS
PAY00930,TXN00930,INV00930,2026-07-13,CUST0252,61225.04,INR,CARD,SUCCESS
PAY00931,TXN00931,INV00931,2026-08-19,CUST0277,43409.73,INR,UPI,SUCCESS
PAY00932,TXN00932,INV00932,2026-07-03,CUST0053,7755.49,INR,NETBANKING,SUCCESS
PAY00933,TXN00933,INV00933,2026-08-11,CUST0077,64213.36,INR,UPI,SUCCESS
PAY00934,TXN00934,INV00934,2026-07-26,CUST0169,57676.71,INR,WALLET,SUCCESS
PAY00935,TXN00935,INV00935,2026-08-04,CUST0036,22971.76,INR,WALLET,SUCCESS
PAY00936,TXN00936,INV00936,2026-08-04,CUST0291,93536.7,INR,NETBANKING,SUCCESS
PAY00937,TXN00937,INV00937,2026-08-10,CUST0029,99703.07,INR,UPI,SUCCESS
PAY00938,TXN00938,INV00938,2026-08-18,CUST0236,76767.55,INR,CARD,SUCCESS
PAY00939,TXN00939,INV00939,2026-07-20,CUST0098,69740.29,INR,UPI,SUCCESS
PAY00940,TXN00940,INV00940,2026-08-10,CUST0044,44079.38,INR,CARD,SUCCESS
PAY00941,TXN00941,INV00941,2026-08-01,CUST0123,39182.37,INR,NETBANKING,SUCCESS
PAY00942,TXN00942,INV00942,2026-07-22,CUST0019,6077.42,INR,UPI,SUCCESS
PAY00943,TXN00943,INV00943,2026-07-30,CUST0268,94038.93,INR,CARD,SUCCESS
PAY00944,TXN00944,INV00944,2026-08-17,CUST0019,14588.25,INR,UPI,SUCCESS
PAY00945,TXN00945,INV00945,2026-08-14,CUST0125,65054.25,INR,UPI,SUCCESS
PAY00946,TXN00946,INV00946,2026-07-30,CUST0050,61316.98,INR,UPI,SUCCESS
PAY00947,TXN00947,INV00947,2026-08-08,CUST0255,80017.93,INR,CARD,SUCCESS
PAY00948,TXN00948,INV00948,2026-08-17,CUST0173,68000.58,INR,NETBANKING,SUCCESS
PAY00949,TXN00949,INV00949,2026-07-09,CUST0280,32498.19,INR,CARD,SUCCESS
PAY00950,TXN00950,INV00950,2026-07-05,CUST0172,12514.18,INR,CARD,SUCCESS
PAY00951,TXN00951,INV00951,2026-08-05,CUST0190,16918.11,INR,CARD,SUCCESS
PAY00952,TXN00952,INV00952,2026-08-20,CUST0052,84812.99,INR,WALLET,SUCCESS
PAY00953,TXN00953,INV00953,2026-07-01,CUST0042,1218.79,INR,UPI,SUCCESS
PAY00954,TXN00954,INV00954,2026-08-14,CUST0214,80837.47,INR,WALLET,SUCCESS
PAY00955,TXN00955,INV00955,2026-08-03,CUST0139,45316.7,INR,CARD,SUCCESS
PAY00955_DUP,TXN00955_DUP,INV00955,2026-08-03,CUST0139,45316.7,INR,CARD,SUCCESS
PAY00956,TXN00956,INV00956,2026-08-08,CUST0020,18410.05,INR,WALLET,SUCCESS
PAY00957,TXN00957,INV00957,2026-07-23,CUST0155,42169.19,INR,CARD,SUCCESS
PAY00958,TXN00958,INV00958,2026-08-18,CUST0186,98684.82,INR,CARD,SUCCESS
PAY00959,TXN00959,INV00959,2026-07-18,CUST0107,5780.37,INR,UPI,SUCCESS
PAY00960,TXN00960,INV00960,2026-07-12,CUST0255,16396.08,INR,UPI,SUCCESS
PAY00961,TXN00961,INV00961,2026-07-28,CUST0108,25512.49,INR,WALLET,SUCCESS
PAY00962,TXN00962,INV00962,2026-07-12,CUST0276,16225.54,INR,UPI,SUCCESS
PAY00963,TXN00963,INV00963,2026-08-16,CUST0121,44759.68,INR,NETBANKING,SUCCESS
PAY00964,TXN00964,INV00964,2026-07-15,CUST0167,78008.04,INR,NETBANKING,SUCCESS
PAY00965,TXN00965,INV00965,2026-07-13,CUST0212,37865.47,INR,CARD,SUCCESS
PAY00966,TXN00966,INV00966,2026-07-28,CUST0028,14921.66,INR,WALLET,SUCCESS
PAY00967,TXN00967,INV00967,2026-08-16,CUST0235,19818.41,INR,NETBANKING,SUCCESS
PAY00968,TXN00968,INV00968,2026-07-04,CUST0292,28420.11,INR,UPI,SUCCESS
PAY00969,TXN00969,INV00969,2026-07-15,CUST0176,88697.69,INR,CARD,SUCCESS
PAY00970,TXN00970,INV00970,2026-08-06,CUST0088,97028.52,INR,CARD,SUCCESS
PAY00971,TXN00971,INV00971,2026-08-07,CUST0111,47612.15,INR,WALLET,SUCCESS
PAY00972,TXN00972,INV00972,2026-07-16,CUST0127,33065.95,INR,CARD,SUCCESS
PAY00973,TXN00973,INV00973,2026-07-27,CUST0003,98028.31,INR,UPI,SUCCESS
PAY00974,TXN00974,INV00974,2026-08-03,CUST0218,39734.86,INR,UPI,SUCCESS
PAY00975,TXN00975,INV00975,2026-08-18,CUST0286,1736.09,INR,WALLET,SUCCESS
PAY00975_DUP,TXN00975_DUP,INV00975,2026-08-18,CUST0286,1736.09,INR,WALLET,SUCCESS
PAY00976,TXN00976,INV00976,2026-07-16,CUST0152,64940.2,INR,UPI,SUCCESS
PAY00977,TXN00977,INV00977,2026-08-15,CUST0083,46198.64,INR,UPI,SUCCESS
PAY00978,TXN00978,INV00978,2026-07-12,CUST0208,79090.94,INR,NETBANKING,SUCCESS
PAY00979,TXN00979,INV00979,2026-08-10,CUST0001,7534.51,INR,NETBANKING,SUCCESS
PAY00980,TXN00980,INV00980,2026-08-14,CUST0139,94636.5,INR,CARD,SUCCESS
PAY00981,TXN00981,INV00981,2026-08-17,CUST0172,93258.2,INR,NETBANKING,SUCCESS
PAY00982,TXN00982,INV00982,2026-07-24,CUST0021,36960.08,INR,UPI,SUCCESS
PAY00983,TXN00983,INV00983,2026-07-16,CUST0172,54193.57,INR,WALLET,SUCCESS
PAY00984,TXN00984,INV00984,2026-08-18,CUST0108,74629.16,INR,CARD,SUCCESS
PAY00985,TXN00985,INV00985,2026-07-18,CUST0217,5918.77,INR,NETBANKING,SUCCESS
PAY00986,TXN00986,INV00986,2026-07-08,CUST0270,47281.3,INR,NETBANKING,SUCCESS
PAY00987,TXN00987,INV00987,2026-07-13,CUST0034,89244.37,INR,WALLET,SUCCESS
PAY00988,TXN00988,INV00988,2026-07-05,CUST0148,11381.81,INR,NETBANKING,SUCCESS
PAY00989,TXN00989,INV00989,2026-07-14,CUST0078,52308.42,INR,UPI,SUCCESS
PAY00990,TXN00990,INV00990,2026-07-31,CUST0068,34996.67,INR,WALLET,SUCCESS
PAY00991,TXN00991,INV00991,2026-07-05,CUST0097,2692.64,INR,CARD,SUCCESS
PAY00992,TXN00992,INV00992,2026-07-27,CUST0172,58081.11,INR,NETBANKING,SUCCESS
PAY00993,TXN00993,INV00993,2026-08-05,CUST0272,44803.0,INR,NETBANKING,SUCCESS
PAY00994,TXN00994,INV00994,2026-07-15,CUST0134,48682.19,INR,NETBANKING,SUCCESS
PAY00995,TXN00995,INV00995,2026-07-19,CUST0181,45864.69,INR,CARD,SUCCESS
PAY00996,TXN00996,INV00996,2026-07-19,CUST0275,18636.91,INR,CARD,SUCCESS
PAY00997,TXN00997,INV00997,2026-07-11,CUST0079,24171.58,INR,UPI,SUCCESS
PAY00998,TXN00998,INV00998,2026-07-24,CUST0134,18857.41,INR,UPI,SUCCESS
PAY00999,TXN00999,INV00999,2026-07-29,CUST0191,54216.73,INR,CARD,SUCCESS
PAY01000,TXN01000,INV01000,2026-08-01,CUST0208,76967.56,INR,WALLET,SUCCESS
